/*
 Navicat Premium Data Transfer
 Source Server Type    : SQL Server
 Source Server Version : 15002000
 Source Catalog        : HYDROGEN.MES
 Source Schema         : dbo

 Target Server Type    : SQL Server
 Target Server Version : 15002000
 File Encoding         : 65001

 Date: 18/03/2023 17:08:58
*/


-- ----------------------------
-- Table structure for gen_table
-- ----------------------------
IF EXISTS (SELECT * FROM sys.all_objects WHERE object_id = OBJECT_ID(N'[dbo].[gen_table]') AND type IN ('U'))
	DROP TABLE [dbo].[gen_table]
GO

CREATE TABLE [dbo].[gen_table] (
  [table_id] bigint  IDENTITY(1,1) NOT NULL,
  [table_name] nvarchar(200) COLLATE Chinese_PRC_CI_AS  NULL,
  [table_comment] nvarchar(500) COLLATE Chinese_PRC_CI_AS  NULL,
  [sub_table_name] nvarchar(64) COLLATE Chinese_PRC_CI_AS  NULL,
  [sub_table_fk_name] nvarchar(64) COLLATE Chinese_PRC_CI_AS  NULL,
  [class_name] nvarchar(100) COLLATE Chinese_PRC_CI_AS  NULL,
  [tpl_category] nvarchar(200) COLLATE Chinese_PRC_CI_AS  NULL,
  [package_name] nvarchar(100) COLLATE Chinese_PRC_CI_AS  NULL,
  [module_name] nvarchar(30) COLLATE Chinese_PRC_CI_AS  NULL,
  [business_name] nvarchar(30) COLLATE Chinese_PRC_CI_AS  NULL,
  [function_name] nvarchar(50) COLLATE Chinese_PRC_CI_AS  NULL,
  [function_author] nvarchar(50) COLLATE Chinese_PRC_CI_AS  NULL,
  [gen_type] nchar(1) COLLATE Chinese_PRC_CI_AS  NULL,
  [gen_path] nvarchar(200) COLLATE Chinese_PRC_CI_AS  NULL,
  [options] nvarchar(1000) COLLATE Chinese_PRC_CI_AS  NULL,
  [create_by] nvarchar(64) COLLATE Chinese_PRC_CI_AS  NULL,
  [create_time] datetime2(0)  NULL,
  [update_by] nvarchar(64) COLLATE Chinese_PRC_CI_AS  NULL,
  [update_time] datetime2(0)  NULL,
  [remark] nvarchar(500) COLLATE Chinese_PRC_CI_AS  NULL
)
GO

ALTER TABLE [dbo].[gen_table] SET (LOCK_ESCALATION = TABLE)
GO

EXEC sp_addextendedproperty
'MS_Description', N'编号',
'SCHEMA', N'dbo',
'TABLE', N'gen_table',
'COLUMN', N'table_id'
GO

EXEC sp_addextendedproperty
'MS_Description', N'表名称',
'SCHEMA', N'dbo',
'TABLE', N'gen_table',
'COLUMN', N'table_name'
GO

EXEC sp_addextendedproperty
'MS_Description', N'表描述',
'SCHEMA', N'dbo',
'TABLE', N'gen_table',
'COLUMN', N'table_comment'
GO

EXEC sp_addextendedproperty
'MS_Description', N'关联子表的表名',
'SCHEMA', N'dbo',
'TABLE', N'gen_table',
'COLUMN', N'sub_table_name'
GO

EXEC sp_addextendedproperty
'MS_Description', N'子表关联的外键名',
'SCHEMA', N'dbo',
'TABLE', N'gen_table',
'COLUMN', N'sub_table_fk_name'
GO

EXEC sp_addextendedproperty
'MS_Description', N'实体类名称',
'SCHEMA', N'dbo',
'TABLE', N'gen_table',
'COLUMN', N'class_name'
GO

EXEC sp_addextendedproperty
'MS_Description', N'使用的模板（crud单表操作 tree树表操作）',
'SCHEMA', N'dbo',
'TABLE', N'gen_table',
'COLUMN', N'tpl_category'
GO

EXEC sp_addextendedproperty
'MS_Description', N'生成包路径',
'SCHEMA', N'dbo',
'TABLE', N'gen_table',
'COLUMN', N'package_name'
GO

EXEC sp_addextendedproperty
'MS_Description', N'生成模块名',
'SCHEMA', N'dbo',
'TABLE', N'gen_table',
'COLUMN', N'module_name'
GO

EXEC sp_addextendedproperty
'MS_Description', N'生成业务名',
'SCHEMA', N'dbo',
'TABLE', N'gen_table',
'COLUMN', N'business_name'
GO

EXEC sp_addextendedproperty
'MS_Description', N'生成功能名',
'SCHEMA', N'dbo',
'TABLE', N'gen_table',
'COLUMN', N'function_name'
GO

EXEC sp_addextendedproperty
'MS_Description', N'生成功能作者',
'SCHEMA', N'dbo',
'TABLE', N'gen_table',
'COLUMN', N'function_author'
GO

EXEC sp_addextendedproperty
'MS_Description', N'生成代码方式（0zip压缩包 1自定义路径）',
'SCHEMA', N'dbo',
'TABLE', N'gen_table',
'COLUMN', N'gen_type'
GO

EXEC sp_addextendedproperty
'MS_Description', N'生成路径（不填默认项目路径）',
'SCHEMA', N'dbo',
'TABLE', N'gen_table',
'COLUMN', N'gen_path'
GO

EXEC sp_addextendedproperty
'MS_Description', N'其它生成选项',
'SCHEMA', N'dbo',
'TABLE', N'gen_table',
'COLUMN', N'options'
GO

EXEC sp_addextendedproperty
'MS_Description', N'创建者',
'SCHEMA', N'dbo',
'TABLE', N'gen_table',
'COLUMN', N'create_by'
GO

EXEC sp_addextendedproperty
'MS_Description', N'创建时间',
'SCHEMA', N'dbo',
'TABLE', N'gen_table',
'COLUMN', N'create_time'
GO

EXEC sp_addextendedproperty
'MS_Description', N'更新者',
'SCHEMA', N'dbo',
'TABLE', N'gen_table',
'COLUMN', N'update_by'
GO

EXEC sp_addextendedproperty
'MS_Description', N'更新时间',
'SCHEMA', N'dbo',
'TABLE', N'gen_table',
'COLUMN', N'update_time'
GO

EXEC sp_addextendedproperty
'MS_Description', N'备注',
'SCHEMA', N'dbo',
'TABLE', N'gen_table',
'COLUMN', N'remark'
GO

EXEC sp_addextendedproperty
'MS_Description', N'代码生成业务表',
'SCHEMA', N'dbo',
'TABLE', N'gen_table'
GO


-- ----------------------------
-- Records of gen_table
-- ----------------------------
SET IDENTITY_INSERT [dbo].[gen_table] ON
GO

INSERT INTO [dbo].[gen_table] ([table_id], [table_name], [table_comment], [sub_table_name], [sub_table_fk_name], [class_name], [tpl_category], [package_name], [module_name], [business_name], [function_name], [function_author], [gen_type], [gen_path], [options], [create_by], [create_time], [update_by], [update_time], [remark]) VALUES (N'1', N'sys_job_log', N'定时任务调度日志表', NULL, NULL, N'SysJobLog', N'crud', N'com.ruoyi.system', N'system', N'log', N'定时任务调度日志', N'ruoyi', N'0', N'/', NULL, N'admin', N'2023-02-28 14:31:38', N'', NULL, NULL)
GO

INSERT INTO [dbo].[gen_table] ([table_id], [table_name], [table_comment], [sub_table_name], [sub_table_fk_name], [class_name], [tpl_category], [package_name], [module_name], [business_name], [function_name], [function_author], [gen_type], [gen_path], [options], [create_by], [create_time], [update_by], [update_time], [remark]) VALUES (N'2', N'sys_logininfor', N'系统访问记录', NULL, NULL, N'SysLogininfor', N'crud', N'com.ruoyi.system', N'system', N'logininfor', N'系统访问记录', N'ruoyi', N'0', N'/', NULL, N'admin', N'2023-02-28 14:31:38', N'', NULL, NULL)
GO

INSERT INTO [dbo].[gen_table] ([table_id], [table_name], [table_comment], [sub_table_name], [sub_table_fk_name], [class_name], [tpl_category], [package_name], [module_name], [business_name], [function_name], [function_author], [gen_type], [gen_path], [options], [create_by], [create_time], [update_by], [update_time], [remark]) VALUES (N'3', N'salf_test', N'测试表', NULL, NULL, N'SalfTest', N'crud', N'com.ruoyi.system', N'system', N'system', N'测试', N'ruoyi', N'0', N'/', N'{"parentMenuId":1}', N'admin', N'2023-02-28 15:30:31', N'', N'2023-02-28 15:54:24', NULL)
GO

SET IDENTITY_INSERT [dbo].[gen_table] OFF
GO


-- ----------------------------
-- Table structure for gen_table_column
-- ----------------------------
IF EXISTS (SELECT * FROM sys.all_objects WHERE object_id = OBJECT_ID(N'[dbo].[gen_table_column]') AND type IN ('U'))
	DROP TABLE [dbo].[gen_table_column]
GO

CREATE TABLE [dbo].[gen_table_column] (
  [column_id] bigint  IDENTITY(1,1) NOT NULL,
  [table_id] nvarchar(64) COLLATE Chinese_PRC_CI_AS  NULL,
  [column_name] nvarchar(200) COLLATE Chinese_PRC_CI_AS  NULL,
  [column_comment] nvarchar(500) COLLATE Chinese_PRC_CI_AS  NULL,
  [column_type] nvarchar(100) COLLATE Chinese_PRC_CI_AS  NULL,
  [java_type] nvarchar(500) COLLATE Chinese_PRC_CI_AS  NULL,
  [java_field] nvarchar(200) COLLATE Chinese_PRC_CI_AS  NULL,
  [is_pk] nchar(1) COLLATE Chinese_PRC_CI_AS  NULL,
  [is_increment] nchar(1) COLLATE Chinese_PRC_CI_AS  NULL,
  [is_required] nchar(1) COLLATE Chinese_PRC_CI_AS  NULL,
  [is_insert] nchar(1) COLLATE Chinese_PRC_CI_AS  NULL,
  [is_edit] nchar(1) COLLATE Chinese_PRC_CI_AS  NULL,
  [is_list] nchar(1) COLLATE Chinese_PRC_CI_AS  NULL,
  [is_query] nchar(1) COLLATE Chinese_PRC_CI_AS  NULL,
  [query_type] nvarchar(200) COLLATE Chinese_PRC_CI_AS  NULL,
  [html_type] nvarchar(200) COLLATE Chinese_PRC_CI_AS  NULL,
  [dict_type] nvarchar(200) COLLATE Chinese_PRC_CI_AS  NULL,
  [sort] int  NULL,
  [create_by] nvarchar(64) COLLATE Chinese_PRC_CI_AS  NULL,
  [create_time] datetime2(0)  NULL,
  [update_by] nvarchar(64) COLLATE Chinese_PRC_CI_AS  NULL,
  [update_time] datetime2(0)  NULL
)
GO

ALTER TABLE [dbo].[gen_table_column] SET (LOCK_ESCALATION = TABLE)
GO

EXEC sp_addextendedproperty
'MS_Description', N'编号',
'SCHEMA', N'dbo',
'TABLE', N'gen_table_column',
'COLUMN', N'column_id'
GO

EXEC sp_addextendedproperty
'MS_Description', N'归属表编号',
'SCHEMA', N'dbo',
'TABLE', N'gen_table_column',
'COLUMN', N'table_id'
GO

EXEC sp_addextendedproperty
'MS_Description', N'列名称',
'SCHEMA', N'dbo',
'TABLE', N'gen_table_column',
'COLUMN', N'column_name'
GO

EXEC sp_addextendedproperty
'MS_Description', N'列描述',
'SCHEMA', N'dbo',
'TABLE', N'gen_table_column',
'COLUMN', N'column_comment'
GO

EXEC sp_addextendedproperty
'MS_Description', N'列类型',
'SCHEMA', N'dbo',
'TABLE', N'gen_table_column',
'COLUMN', N'column_type'
GO

EXEC sp_addextendedproperty
'MS_Description', N'JAVA类型',
'SCHEMA', N'dbo',
'TABLE', N'gen_table_column',
'COLUMN', N'java_type'
GO

EXEC sp_addextendedproperty
'MS_Description', N'JAVA字段名',
'SCHEMA', N'dbo',
'TABLE', N'gen_table_column',
'COLUMN', N'java_field'
GO

EXEC sp_addextendedproperty
'MS_Description', N'是否主键（1是）',
'SCHEMA', N'dbo',
'TABLE', N'gen_table_column',
'COLUMN', N'is_pk'
GO

EXEC sp_addextendedproperty
'MS_Description', N'是否自增（1是）',
'SCHEMA', N'dbo',
'TABLE', N'gen_table_column',
'COLUMN', N'is_increment'
GO

EXEC sp_addextendedproperty
'MS_Description', N'是否必填（1是）',
'SCHEMA', N'dbo',
'TABLE', N'gen_table_column',
'COLUMN', N'is_required'
GO

EXEC sp_addextendedproperty
'MS_Description', N'是否为插入字段（1是）',
'SCHEMA', N'dbo',
'TABLE', N'gen_table_column',
'COLUMN', N'is_insert'
GO

EXEC sp_addextendedproperty
'MS_Description', N'是否编辑字段（1是）',
'SCHEMA', N'dbo',
'TABLE', N'gen_table_column',
'COLUMN', N'is_edit'
GO

EXEC sp_addextendedproperty
'MS_Description', N'是否列表字段（1是）',
'SCHEMA', N'dbo',
'TABLE', N'gen_table_column',
'COLUMN', N'is_list'
GO

EXEC sp_addextendedproperty
'MS_Description', N'是否查询字段（1是）',
'SCHEMA', N'dbo',
'TABLE', N'gen_table_column',
'COLUMN', N'is_query'
GO

EXEC sp_addextendedproperty
'MS_Description', N'查询方式（等于、不等于、大于、小于、范围）',
'SCHEMA', N'dbo',
'TABLE', N'gen_table_column',
'COLUMN', N'query_type'
GO

EXEC sp_addextendedproperty
'MS_Description', N'显示类型（文本框、文本域、下拉框、复选框、单选框、日期控件）',
'SCHEMA', N'dbo',
'TABLE', N'gen_table_column',
'COLUMN', N'html_type'
GO

EXEC sp_addextendedproperty
'MS_Description', N'字典类型',
'SCHEMA', N'dbo',
'TABLE', N'gen_table_column',
'COLUMN', N'dict_type'
GO

EXEC sp_addextendedproperty
'MS_Description', N'排序',
'SCHEMA', N'dbo',
'TABLE', N'gen_table_column',
'COLUMN', N'sort'
GO

EXEC sp_addextendedproperty
'MS_Description', N'创建者',
'SCHEMA', N'dbo',
'TABLE', N'gen_table_column',
'COLUMN', N'create_by'
GO

EXEC sp_addextendedproperty
'MS_Description', N'创建时间',
'SCHEMA', N'dbo',
'TABLE', N'gen_table_column',
'COLUMN', N'create_time'
GO

EXEC sp_addextendedproperty
'MS_Description', N'更新者',
'SCHEMA', N'dbo',
'TABLE', N'gen_table_column',
'COLUMN', N'update_by'
GO

EXEC sp_addextendedproperty
'MS_Description', N'更新时间',
'SCHEMA', N'dbo',
'TABLE', N'gen_table_column',
'COLUMN', N'update_time'
GO

EXEC sp_addextendedproperty
'MS_Description', N'代码生成业务表字段',
'SCHEMA', N'dbo',
'TABLE', N'gen_table_column'
GO


-- ----------------------------
-- Records of gen_table_column
-- ----------------------------
SET IDENTITY_INSERT [dbo].[gen_table_column] ON
GO

INSERT INTO [dbo].[gen_table_column] ([column_id], [table_id], [column_name], [column_comment], [column_type], [java_type], [java_field], [is_pk], [is_increment], [is_required], [is_insert], [is_edit], [is_list], [is_query], [query_type], [html_type], [dict_type], [sort], [create_by], [create_time], [update_by], [update_time]) VALUES (N'1', N'1', N'job_log_id', N'任务日志ID', N'bigint(20)', N'Long', N'jobLogId', N'1', N'1', NULL, N'1', NULL, NULL, NULL, N'EQ', N'input', N'', N'1', N'admin', N'2023-02-28 14:31:38', N'', NULL)
GO

INSERT INTO [dbo].[gen_table_column] ([column_id], [table_id], [column_name], [column_comment], [column_type], [java_type], [java_field], [is_pk], [is_increment], [is_required], [is_insert], [is_edit], [is_list], [is_query], [query_type], [html_type], [dict_type], [sort], [create_by], [create_time], [update_by], [update_time]) VALUES (N'2', N'1', N'job_name', N'任务名称', N'varchar(64)', N'String', N'jobName', N'0', N'0', N'1', N'1', N'1', N'1', N'1', N'LIKE', N'input', N'', N'2', N'admin', N'2023-02-28 14:31:38', N'', NULL)
GO

INSERT INTO [dbo].[gen_table_column] ([column_id], [table_id], [column_name], [column_comment], [column_type], [java_type], [java_field], [is_pk], [is_increment], [is_required], [is_insert], [is_edit], [is_list], [is_query], [query_type], [html_type], [dict_type], [sort], [create_by], [create_time], [update_by], [update_time]) VALUES (N'3', N'1', N'job_group', N'任务组名', N'varchar(64)', N'String', N'jobGroup', N'0', N'0', N'1', N'1', N'1', N'1', N'1', N'EQ', N'input', N'', N'3', N'admin', N'2023-02-28 14:31:38', N'', NULL)
GO

INSERT INTO [dbo].[gen_table_column] ([column_id], [table_id], [column_name], [column_comment], [column_type], [java_type], [java_field], [is_pk], [is_increment], [is_required], [is_insert], [is_edit], [is_list], [is_query], [query_type], [html_type], [dict_type], [sort], [create_by], [create_time], [update_by], [update_time]) VALUES (N'4', N'1', N'invoke_target', N'调用目标字符串', N'varchar(500)', N'String', N'invokeTarget', N'0', N'0', N'1', N'1', N'1', N'1', N'1', N'EQ', N'textarea', N'', N'4', N'admin', N'2023-02-28 14:31:38', N'', NULL)
GO

INSERT INTO [dbo].[gen_table_column] ([column_id], [table_id], [column_name], [column_comment], [column_type], [java_type], [java_field], [is_pk], [is_increment], [is_required], [is_insert], [is_edit], [is_list], [is_query], [query_type], [html_type], [dict_type], [sort], [create_by], [create_time], [update_by], [update_time]) VALUES (N'5', N'1', N'job_message', N'日志信息', N'varchar(500)', N'String', N'jobMessage', N'0', N'0', NULL, N'1', N'1', N'1', N'1', N'EQ', N'textarea', N'', N'5', N'admin', N'2023-02-28 14:31:38', N'', NULL)
GO

INSERT INTO [dbo].[gen_table_column] ([column_id], [table_id], [column_name], [column_comment], [column_type], [java_type], [java_field], [is_pk], [is_increment], [is_required], [is_insert], [is_edit], [is_list], [is_query], [query_type], [html_type], [dict_type], [sort], [create_by], [create_time], [update_by], [update_time]) VALUES (N'6', N'1', N'status', N'执行状态（0正常 1失败）', N'char(1)', N'String', N'status', N'0', N'0', NULL, N'1', N'1', N'1', N'1', N'EQ', N'radio', N'', N'6', N'admin', N'2023-02-28 14:31:38', N'', NULL)
GO

INSERT INTO [dbo].[gen_table_column] ([column_id], [table_id], [column_name], [column_comment], [column_type], [java_type], [java_field], [is_pk], [is_increment], [is_required], [is_insert], [is_edit], [is_list], [is_query], [query_type], [html_type], [dict_type], [sort], [create_by], [create_time], [update_by], [update_time]) VALUES (N'7', N'1', N'exception_info', N'异常信息', N'varchar(2000)', N'String', N'exceptionInfo', N'0', N'0', NULL, N'1', N'1', N'1', N'1', N'EQ', N'textarea', N'', N'7', N'admin', N'2023-02-28 14:31:38', N'', NULL)
GO

INSERT INTO [dbo].[gen_table_column] ([column_id], [table_id], [column_name], [column_comment], [column_type], [java_type], [java_field], [is_pk], [is_increment], [is_required], [is_insert], [is_edit], [is_list], [is_query], [query_type], [html_type], [dict_type], [sort], [create_by], [create_time], [update_by], [update_time]) VALUES (N'8', N'1', N'create_time', N'创建时间', N'datetime', N'Date', N'createTime', N'0', N'0', NULL, N'1', NULL, NULL, NULL, N'EQ', N'datetime', N'', N'8', N'admin', N'2023-02-28 14:31:38', N'', NULL)
GO

INSERT INTO [dbo].[gen_table_column] ([column_id], [table_id], [column_name], [column_comment], [column_type], [java_type], [java_field], [is_pk], [is_increment], [is_required], [is_insert], [is_edit], [is_list], [is_query], [query_type], [html_type], [dict_type], [sort], [create_by], [create_time], [update_by], [update_time]) VALUES (N'9', N'2', N'info_id', N'访问ID', N'bigint(20)', N'Long', N'infoId', N'1', N'1', NULL, N'1', NULL, NULL, NULL, N'EQ', N'input', N'', N'1', N'admin', N'2023-02-28 14:31:38', N'', NULL)
GO

INSERT INTO [dbo].[gen_table_column] ([column_id], [table_id], [column_name], [column_comment], [column_type], [java_type], [java_field], [is_pk], [is_increment], [is_required], [is_insert], [is_edit], [is_list], [is_query], [query_type], [html_type], [dict_type], [sort], [create_by], [create_time], [update_by], [update_time]) VALUES (N'10', N'2', N'user_name', N'用户账号', N'varchar(50)', N'String', N'userName', N'0', N'0', NULL, N'1', N'1', N'1', N'1', N'LIKE', N'input', N'', N'2', N'admin', N'2023-02-28 14:31:38', N'', NULL)
GO

INSERT INTO [dbo].[gen_table_column] ([column_id], [table_id], [column_name], [column_comment], [column_type], [java_type], [java_field], [is_pk], [is_increment], [is_required], [is_insert], [is_edit], [is_list], [is_query], [query_type], [html_type], [dict_type], [sort], [create_by], [create_time], [update_by], [update_time]) VALUES (N'11', N'2', N'ipaddr', N'登录IP地址', N'varchar(128)', N'String', N'ipaddr', N'0', N'0', NULL, N'1', N'1', N'1', N'1', N'EQ', N'input', N'', N'3', N'admin', N'2023-02-28 14:31:38', N'', NULL)
GO

INSERT INTO [dbo].[gen_table_column] ([column_id], [table_id], [column_name], [column_comment], [column_type], [java_type], [java_field], [is_pk], [is_increment], [is_required], [is_insert], [is_edit], [is_list], [is_query], [query_type], [html_type], [dict_type], [sort], [create_by], [create_time], [update_by], [update_time]) VALUES (N'12', N'2', N'login_location', N'登录地点', N'varchar(255)', N'String', N'loginLocation', N'0', N'0', NULL, N'1', N'1', N'1', N'1', N'EQ', N'input', N'', N'4', N'admin', N'2023-02-28 14:31:38', N'', NULL)
GO

INSERT INTO [dbo].[gen_table_column] ([column_id], [table_id], [column_name], [column_comment], [column_type], [java_type], [java_field], [is_pk], [is_increment], [is_required], [is_insert], [is_edit], [is_list], [is_query], [query_type], [html_type], [dict_type], [sort], [create_by], [create_time], [update_by], [update_time]) VALUES (N'13', N'2', N'browser', N'浏览器类型', N'varchar(50)', N'String', N'browser', N'0', N'0', NULL, N'1', N'1', N'1', N'1', N'EQ', N'input', N'', N'5', N'admin', N'2023-02-28 14:31:38', N'', NULL)
GO

INSERT INTO [dbo].[gen_table_column] ([column_id], [table_id], [column_name], [column_comment], [column_type], [java_type], [java_field], [is_pk], [is_increment], [is_required], [is_insert], [is_edit], [is_list], [is_query], [query_type], [html_type], [dict_type], [sort], [create_by], [create_time], [update_by], [update_time]) VALUES (N'14', N'2', N'os', N'操作系统', N'varchar(50)', N'String', N'os', N'0', N'0', NULL, N'1', N'1', N'1', N'1', N'EQ', N'input', N'', N'6', N'admin', N'2023-02-28 14:31:38', N'', NULL)
GO

INSERT INTO [dbo].[gen_table_column] ([column_id], [table_id], [column_name], [column_comment], [column_type], [java_type], [java_field], [is_pk], [is_increment], [is_required], [is_insert], [is_edit], [is_list], [is_query], [query_type], [html_type], [dict_type], [sort], [create_by], [create_time], [update_by], [update_time]) VALUES (N'15', N'2', N'status', N'登录状态（0成功 1失败）', N'char(1)', N'String', N'status', N'0', N'0', NULL, N'1', N'1', N'1', N'1', N'EQ', N'radio', N'', N'7', N'admin', N'2023-02-28 14:31:38', N'', NULL)
GO

INSERT INTO [dbo].[gen_table_column] ([column_id], [table_id], [column_name], [column_comment], [column_type], [java_type], [java_field], [is_pk], [is_increment], [is_required], [is_insert], [is_edit], [is_list], [is_query], [query_type], [html_type], [dict_type], [sort], [create_by], [create_time], [update_by], [update_time]) VALUES (N'16', N'2', N'msg', N'提示消息', N'varchar(255)', N'String', N'msg', N'0', N'0', NULL, N'1', N'1', N'1', N'1', N'EQ', N'input', N'', N'8', N'admin', N'2023-02-28 14:31:38', N'', NULL)
GO

INSERT INTO [dbo].[gen_table_column] ([column_id], [table_id], [column_name], [column_comment], [column_type], [java_type], [java_field], [is_pk], [is_increment], [is_required], [is_insert], [is_edit], [is_list], [is_query], [query_type], [html_type], [dict_type], [sort], [create_by], [create_time], [update_by], [update_time]) VALUES (N'17', N'2', N'login_time', N'访问时间', N'datetime', N'Date', N'loginTime', N'0', N'0', NULL, N'1', N'1', N'1', N'1', N'EQ', N'datetime', N'', N'9', N'admin', N'2023-02-28 14:31:38', N'', NULL)
GO

INSERT INTO [dbo].[gen_table_column] ([column_id], [table_id], [column_name], [column_comment], [column_type], [java_type], [java_field], [is_pk], [is_increment], [is_required], [is_insert], [is_edit], [is_list], [is_query], [query_type], [html_type], [dict_type], [sort], [create_by], [create_time], [update_by], [update_time]) VALUES (N'18', N'3', N'id', N'主键ID', N'bigint(20)', N'Long', N'id', N'1', N'0', NULL, N'1', NULL, NULL, NULL, N'EQ', N'input', N'', N'1', N'admin', N'2023-02-28 15:30:31', N'', N'2023-02-28 15:54:24')
GO

INSERT INTO [dbo].[gen_table_column] ([column_id], [table_id], [column_name], [column_comment], [column_type], [java_type], [java_field], [is_pk], [is_increment], [is_required], [is_insert], [is_edit], [is_list], [is_query], [query_type], [html_type], [dict_type], [sort], [create_by], [create_time], [update_by], [update_time]) VALUES (N'19', N'3', N'content', N'内容', N'varchar(255)', N'String', N'content', N'0', N'0', NULL, N'1', N'1', N'1', N'1', N'EQ', N'editor', N'', N'2', N'admin', N'2023-02-28 15:30:31', N'', N'2023-02-28 15:54:24')
GO

INSERT INTO [dbo].[gen_table_column] ([column_id], [table_id], [column_name], [column_comment], [column_type], [java_type], [java_field], [is_pk], [is_increment], [is_required], [is_insert], [is_edit], [is_list], [is_query], [query_type], [html_type], [dict_type], [sort], [create_by], [create_time], [update_by], [update_time]) VALUES (N'20', N'3', N'create_time', N'创建时间', N'datetime', N'Date', N'createTime', N'0', N'0', NULL, N'1', NULL, NULL, N'1', N'EQ', N'datetime', N'', N'3', N'admin', N'2023-02-28 15:30:31', N'', N'2023-02-28 15:54:24')
GO

INSERT INTO [dbo].[gen_table_column] ([column_id], [table_id], [column_name], [column_comment], [column_type], [java_type], [java_field], [is_pk], [is_increment], [is_required], [is_insert], [is_edit], [is_list], [is_query], [query_type], [html_type], [dict_type], [sort], [create_by], [create_time], [update_by], [update_time]) VALUES (N'21', N'3', N'update_time', N'修改时间', N'datetime', N'Date', N'updateTime', N'0', N'0', NULL, N'1', N'1', NULL, N'1', N'EQ', N'datetime', N'', N'4', N'admin', N'2023-02-28 15:30:31', N'', N'2023-02-28 15:54:24')
GO

INSERT INTO [dbo].[gen_table_column] ([column_id], [table_id], [column_name], [column_comment], [column_type], [java_type], [java_field], [is_pk], [is_increment], [is_required], [is_insert], [is_edit], [is_list], [is_query], [query_type], [html_type], [dict_type], [sort], [create_by], [create_time], [update_by], [update_time]) VALUES (N'22', N'3', N'create_by', N'创建人', N'varchar(255)', N'String', N'createBy', N'0', N'0', NULL, N'1', NULL, NULL, N'0', N'EQ', N'input', N'', N'5', N'admin', N'2023-02-28 15:30:31', N'', N'2023-02-28 15:54:24')
GO

INSERT INTO [dbo].[gen_table_column] ([column_id], [table_id], [column_name], [column_comment], [column_type], [java_type], [java_field], [is_pk], [is_increment], [is_required], [is_insert], [is_edit], [is_list], [is_query], [query_type], [html_type], [dict_type], [sort], [create_by], [create_time], [update_by], [update_time]) VALUES (N'23', N'3', N'update_by', N'修改人', N'datetime', N'Date', N'updateBy', N'0', N'0', NULL, N'1', N'1', NULL, NULL, N'EQ', N'datetime', N'', N'6', N'admin', N'2023-02-28 15:30:31', N'', N'2023-02-28 15:54:24')
GO

INSERT INTO [dbo].[gen_table_column] ([column_id], [table_id], [column_name], [column_comment], [column_type], [java_type], [java_field], [is_pk], [is_increment], [is_required], [is_insert], [is_edit], [is_list], [is_query], [query_type], [html_type], [dict_type], [sort], [create_by], [create_time], [update_by], [update_time]) VALUES (N'24', N'3', N'del_flag', N'删除标识', N'tinyint(1)', N'Integer', N'delFlag', N'0', N'0', NULL, N'1', NULL, NULL, NULL, N'EQ', N'input', N'', N'7', N'admin', N'2023-02-28 15:30:31', N'', N'2023-02-28 15:54:24')
GO

SET IDENTITY_INSERT [dbo].[gen_table_column] OFF
GO


-- ----------------------------
-- Table structure for sys_config
-- ----------------------------
IF EXISTS (SELECT * FROM sys.all_objects WHERE object_id = OBJECT_ID(N'[dbo].[sys_config]') AND type IN ('U'))
	DROP TABLE [dbo].[sys_config]
GO

CREATE TABLE [dbo].[sys_config] (
  [config_id] int  IDENTITY(1,1) NOT NULL,
  [config_name] nvarchar(100) COLLATE Chinese_PRC_CI_AS  NULL,
  [config_key] nvarchar(100) COLLATE Chinese_PRC_CI_AS  NULL,
  [config_value] nvarchar(500) COLLATE Chinese_PRC_CI_AS  NULL,
  [config_type] nchar(1) COLLATE Chinese_PRC_CI_AS  NULL,
  [create_by] nvarchar(64) COLLATE Chinese_PRC_CI_AS  NULL,
  [create_time] datetime2(0)  NULL,
  [update_by] nvarchar(64) COLLATE Chinese_PRC_CI_AS  NULL,
  [update_time] datetime2(0)  NULL,
  [remark] nvarchar(500) COLLATE Chinese_PRC_CI_AS  NULL
)
GO

ALTER TABLE [dbo].[sys_config] SET (LOCK_ESCALATION = TABLE)
GO

EXEC sp_addextendedproperty
'MS_Description', N'参数主键',
'SCHEMA', N'dbo',
'TABLE', N'sys_config',
'COLUMN', N'config_id'
GO

EXEC sp_addextendedproperty
'MS_Description', N'参数名称',
'SCHEMA', N'dbo',
'TABLE', N'sys_config',
'COLUMN', N'config_name'
GO

EXEC sp_addextendedproperty
'MS_Description', N'参数键名',
'SCHEMA', N'dbo',
'TABLE', N'sys_config',
'COLUMN', N'config_key'
GO

EXEC sp_addextendedproperty
'MS_Description', N'参数键值',
'SCHEMA', N'dbo',
'TABLE', N'sys_config',
'COLUMN', N'config_value'
GO

EXEC sp_addextendedproperty
'MS_Description', N'系统内置（Y是 N否）',
'SCHEMA', N'dbo',
'TABLE', N'sys_config',
'COLUMN', N'config_type'
GO

EXEC sp_addextendedproperty
'MS_Description', N'创建者',
'SCHEMA', N'dbo',
'TABLE', N'sys_config',
'COLUMN', N'create_by'
GO

EXEC sp_addextendedproperty
'MS_Description', N'创建时间',
'SCHEMA', N'dbo',
'TABLE', N'sys_config',
'COLUMN', N'create_time'
GO

EXEC sp_addextendedproperty
'MS_Description', N'更新者',
'SCHEMA', N'dbo',
'TABLE', N'sys_config',
'COLUMN', N'update_by'
GO

EXEC sp_addextendedproperty
'MS_Description', N'更新时间',
'SCHEMA', N'dbo',
'TABLE', N'sys_config',
'COLUMN', N'update_time'
GO

EXEC sp_addextendedproperty
'MS_Description', N'备注',
'SCHEMA', N'dbo',
'TABLE', N'sys_config',
'COLUMN', N'remark'
GO

EXEC sp_addextendedproperty
'MS_Description', N'参数配置表',
'SCHEMA', N'dbo',
'TABLE', N'sys_config'
GO


-- ----------------------------
-- Records of sys_config
-- ----------------------------
SET IDENTITY_INSERT [dbo].[sys_config] ON
GO

INSERT INTO [dbo].[sys_config] ([config_id], [config_name], [config_key], [config_value], [config_type], [create_by], [create_time], [update_by], [update_time], [remark]) VALUES (N'1', N'主框架页-默认皮肤样式名称', N'sys.index.skinName', N'skin-blue', N'Y', N'admin', N'2023-02-28 10:31:34', N'', NULL, N'蓝色 skin-blue、绿色 skin-green、紫色 skin-purple、红色 skin-red、黄色 skin-yellow')
GO

INSERT INTO [dbo].[sys_config] ([config_id], [config_name], [config_key], [config_value], [config_type], [create_by], [create_time], [update_by], [update_time], [remark]) VALUES (N'2', N'用户管理-账号初始密码', N'sys.user.initPassword', N'123456', N'Y', N'admin', N'2023-02-28 10:31:34', N'', NULL, N'初始化密码 123456')
GO

INSERT INTO [dbo].[sys_config] ([config_id], [config_name], [config_key], [config_value], [config_type], [create_by], [create_time], [update_by], [update_time], [remark]) VALUES (N'3', N'主框架页-侧边栏主题', N'sys.index.sideTheme', N'theme-dark', N'Y', N'admin', N'2023-02-28 10:31:34', N'', NULL, N'深色主题theme-dark，浅色主题theme-light')
GO

INSERT INTO [dbo].[sys_config] ([config_id], [config_name], [config_key], [config_value], [config_type], [create_by], [create_time], [update_by], [update_time], [remark]) VALUES (N'4', N'账号自助-验证码开关', N'sys.account.captchaEnabled', N'true', N'Y', N'admin', N'2023-02-28 10:31:34', N'', NULL, N'是否开启验证码功能（true开启，false关闭）')
GO

INSERT INTO [dbo].[sys_config] ([config_id], [config_name], [config_key], [config_value], [config_type], [create_by], [create_time], [update_by], [update_time], [remark]) VALUES (N'5', N'账号自助-是否开启用户注册功能', N'sys.account.registerUser', N'false', N'Y', N'admin', N'2023-02-28 10:31:34', N'', NULL, N'是否开启注册用户功能（true开启，false关闭）')
GO

INSERT INTO [dbo].[sys_config] ([config_id], [config_name], [config_key], [config_value], [config_type], [create_by], [create_time], [update_by], [update_time], [remark]) VALUES (N'6', N'用户登录-黑名单列表', N'sys.login.blackIPList', N'', N'Y', N'admin', N'2023-02-28 10:31:34', N'', NULL, N'设置登录IP黑名单限制，多个匹配项以;分隔，支持匹配（*通配、网段）')
GO

SET IDENTITY_INSERT [dbo].[sys_config] OFF
GO


-- ----------------------------
-- Table structure for sys_dept
-- ----------------------------
IF EXISTS (SELECT * FROM sys.all_objects WHERE object_id = OBJECT_ID(N'[dbo].[sys_dept]') AND type IN ('U'))
	DROP TABLE [dbo].[sys_dept]
GO

CREATE TABLE [dbo].[sys_dept] (
  [dept_id] bigint  IDENTITY(1,1) NOT NULL,
  [parent_id] bigint  NULL,
  [ancestors] nvarchar(50) COLLATE Chinese_PRC_CI_AS  NULL,
  [dept_name] nvarchar(30) COLLATE Chinese_PRC_CI_AS  NULL,
  [order_num] int  NULL,
  [leader] nvarchar(20) COLLATE Chinese_PRC_CI_AS  NULL,
  [phone] nvarchar(11) COLLATE Chinese_PRC_CI_AS  NULL,
  [email] nvarchar(50) COLLATE Chinese_PRC_CI_AS  NULL,
  [status] nchar(1) COLLATE Chinese_PRC_CI_AS  NULL,
  [del_flag] nchar(1) COLLATE Chinese_PRC_CI_AS  NULL,
  [create_by] nvarchar(64) COLLATE Chinese_PRC_CI_AS  NULL,
  [create_time] datetime2(0)  NULL,
  [update_by] nvarchar(64) COLLATE Chinese_PRC_CI_AS  NULL,
  [update_time] datetime2(0)  NULL
)
GO

ALTER TABLE [dbo].[sys_dept] SET (LOCK_ESCALATION = TABLE)
GO

EXEC sp_addextendedproperty
'MS_Description', N'部门id',
'SCHEMA', N'dbo',
'TABLE', N'sys_dept',
'COLUMN', N'dept_id'
GO

EXEC sp_addextendedproperty
'MS_Description', N'父部门id',
'SCHEMA', N'dbo',
'TABLE', N'sys_dept',
'COLUMN', N'parent_id'
GO

EXEC sp_addextendedproperty
'MS_Description', N'祖级列表',
'SCHEMA', N'dbo',
'TABLE', N'sys_dept',
'COLUMN', N'ancestors'
GO

EXEC sp_addextendedproperty
'MS_Description', N'部门名称',
'SCHEMA', N'dbo',
'TABLE', N'sys_dept',
'COLUMN', N'dept_name'
GO

EXEC sp_addextendedproperty
'MS_Description', N'显示顺序',
'SCHEMA', N'dbo',
'TABLE', N'sys_dept',
'COLUMN', N'order_num'
GO

EXEC sp_addextendedproperty
'MS_Description', N'负责人',
'SCHEMA', N'dbo',
'TABLE', N'sys_dept',
'COLUMN', N'leader'
GO

EXEC sp_addextendedproperty
'MS_Description', N'联系电话',
'SCHEMA', N'dbo',
'TABLE', N'sys_dept',
'COLUMN', N'phone'
GO

EXEC sp_addextendedproperty
'MS_Description', N'邮箱',
'SCHEMA', N'dbo',
'TABLE', N'sys_dept',
'COLUMN', N'email'
GO

EXEC sp_addextendedproperty
'MS_Description', N'部门状态（0正常 1停用）',
'SCHEMA', N'dbo',
'TABLE', N'sys_dept',
'COLUMN', N'status'
GO

EXEC sp_addextendedproperty
'MS_Description', N'删除标志（0代表存在 2代表删除）',
'SCHEMA', N'dbo',
'TABLE', N'sys_dept',
'COLUMN', N'del_flag'
GO

EXEC sp_addextendedproperty
'MS_Description', N'创建者',
'SCHEMA', N'dbo',
'TABLE', N'sys_dept',
'COLUMN', N'create_by'
GO

EXEC sp_addextendedproperty
'MS_Description', N'创建时间',
'SCHEMA', N'dbo',
'TABLE', N'sys_dept',
'COLUMN', N'create_time'
GO

EXEC sp_addextendedproperty
'MS_Description', N'更新者',
'SCHEMA', N'dbo',
'TABLE', N'sys_dept',
'COLUMN', N'update_by'
GO

EXEC sp_addextendedproperty
'MS_Description', N'更新时间',
'SCHEMA', N'dbo',
'TABLE', N'sys_dept',
'COLUMN', N'update_time'
GO

EXEC sp_addextendedproperty
'MS_Description', N'部门表',
'SCHEMA', N'dbo',
'TABLE', N'sys_dept'
GO


-- ----------------------------
-- Records of sys_dept
-- ----------------------------
SET IDENTITY_INSERT [dbo].[sys_dept] ON
GO

INSERT INTO [dbo].[sys_dept] ([dept_id], [parent_id], [ancestors], [dept_name], [order_num], [leader], [phone], [email], [status], [del_flag], [create_by], [create_time], [update_by], [update_time]) VALUES (N'100', N'0', N'0', N'若依科技', N'0', N'若依', N'15888888888', N'ry@qq.com', N'0', N'0', N'admin', N'2023-02-28 10:31:31', N'', NULL)
GO

INSERT INTO [dbo].[sys_dept] ([dept_id], [parent_id], [ancestors], [dept_name], [order_num], [leader], [phone], [email], [status], [del_flag], [create_by], [create_time], [update_by], [update_time]) VALUES (N'101', N'100', N'0,100', N'深圳总公司', N'1', N'若依', N'15888888888', N'ry@qq.com', N'0', N'0', N'admin', N'2023-02-28 10:31:31', N'', NULL)
GO

INSERT INTO [dbo].[sys_dept] ([dept_id], [parent_id], [ancestors], [dept_name], [order_num], [leader], [phone], [email], [status], [del_flag], [create_by], [create_time], [update_by], [update_time]) VALUES (N'102', N'100', N'0,100', N'长沙分公司', N'2', N'若依', N'15888888888', N'ry@qq.com', N'0', N'0', N'admin', N'2023-02-28 10:31:31', N'', NULL)
GO

INSERT INTO [dbo].[sys_dept] ([dept_id], [parent_id], [ancestors], [dept_name], [order_num], [leader], [phone], [email], [status], [del_flag], [create_by], [create_time], [update_by], [update_time]) VALUES (N'103', N'101', N'0,100,101', N'研发部门', N'1', N'若依', N'15888888888', N'ry@qq.com', N'0', N'0', N'admin', N'2023-02-28 10:31:31', N'', NULL)
GO

INSERT INTO [dbo].[sys_dept] ([dept_id], [parent_id], [ancestors], [dept_name], [order_num], [leader], [phone], [email], [status], [del_flag], [create_by], [create_time], [update_by], [update_time]) VALUES (N'104', N'101', N'0,100,101', N'市场部门', N'2', N'若依', N'15888888888', N'ry@qq.com', N'0', N'0', N'admin', N'2023-02-28 10:31:31', N'', NULL)
GO

INSERT INTO [dbo].[sys_dept] ([dept_id], [parent_id], [ancestors], [dept_name], [order_num], [leader], [phone], [email], [status], [del_flag], [create_by], [create_time], [update_by], [update_time]) VALUES (N'105', N'101', N'0,100,101', N'测试部门', N'3', N'若依', N'15888888888', N'ry@qq.com', N'0', N'0', N'admin', N'2023-02-28 10:31:31', N'', NULL)
GO

INSERT INTO [dbo].[sys_dept] ([dept_id], [parent_id], [ancestors], [dept_name], [order_num], [leader], [phone], [email], [status], [del_flag], [create_by], [create_time], [update_by], [update_time]) VALUES (N'106', N'101', N'0,100,101', N'财务部门', N'4', N'若依', N'15888888888', N'ry@qq.com', N'0', N'0', N'admin', N'2023-02-28 10:31:31', N'', NULL)
GO

INSERT INTO [dbo].[sys_dept] ([dept_id], [parent_id], [ancestors], [dept_name], [order_num], [leader], [phone], [email], [status], [del_flag], [create_by], [create_time], [update_by], [update_time]) VALUES (N'107', N'101', N'0,100,101', N'运维部门', N'5', N'若依', N'15888888888', N'ry@qq.com', N'0', N'0', N'admin', N'2023-02-28 10:31:31', N'', NULL)
GO

INSERT INTO [dbo].[sys_dept] ([dept_id], [parent_id], [ancestors], [dept_name], [order_num], [leader], [phone], [email], [status], [del_flag], [create_by], [create_time], [update_by], [update_time]) VALUES (N'108', N'102', N'0,100,102', N'市场部门', N'1', N'若依', N'15888888888', N'ry@qq.com', N'0', N'0', N'admin', N'2023-02-28 10:31:31', N'', NULL)
GO

INSERT INTO [dbo].[sys_dept] ([dept_id], [parent_id], [ancestors], [dept_name], [order_num], [leader], [phone], [email], [status], [del_flag], [create_by], [create_time], [update_by], [update_time]) VALUES (N'109', N'102', N'0,100,102', N'财务部门', N'2', N'若依', N'15888888888', N'ry@qq.com', N'0', N'0', N'admin', N'2023-02-28 10:31:31', N'', NULL)
GO

SET IDENTITY_INSERT [dbo].[sys_dept] OFF
GO


-- ----------------------------
-- Table structure for sys_dict_data
-- ----------------------------
IF EXISTS (SELECT * FROM sys.all_objects WHERE object_id = OBJECT_ID(N'[dbo].[sys_dict_data]') AND type IN ('U'))
	DROP TABLE [dbo].[sys_dict_data]
GO

CREATE TABLE [dbo].[sys_dict_data] (
  [dict_code] bigint  IDENTITY(1,1) NOT NULL,
  [dict_sort] int  NULL,
  [dict_label] nvarchar(100) COLLATE Chinese_PRC_CI_AS  NULL,
  [dict_value] nvarchar(100) COLLATE Chinese_PRC_CI_AS  NULL,
  [dict_type] nvarchar(100) COLLATE Chinese_PRC_CI_AS  NULL,
  [css_class] nvarchar(100) COLLATE Chinese_PRC_CI_AS  NULL,
  [list_class] nvarchar(100) COLLATE Chinese_PRC_CI_AS  NULL,
  [is_default] nchar(1) COLLATE Chinese_PRC_CI_AS  NULL,
  [status] nchar(1) COLLATE Chinese_PRC_CI_AS  NULL,
  [create_by] nvarchar(64) COLLATE Chinese_PRC_CI_AS  NULL,
  [create_time] datetime2(0)  NULL,
  [update_by] nvarchar(64) COLLATE Chinese_PRC_CI_AS  NULL,
  [update_time] datetime2(0)  NULL,
  [remark] nvarchar(500) COLLATE Chinese_PRC_CI_AS  NULL
)
GO

ALTER TABLE [dbo].[sys_dict_data] SET (LOCK_ESCALATION = TABLE)
GO

EXEC sp_addextendedproperty
'MS_Description', N'字典编码',
'SCHEMA', N'dbo',
'TABLE', N'sys_dict_data',
'COLUMN', N'dict_code'
GO

EXEC sp_addextendedproperty
'MS_Description', N'字典排序',
'SCHEMA', N'dbo',
'TABLE', N'sys_dict_data',
'COLUMN', N'dict_sort'
GO

EXEC sp_addextendedproperty
'MS_Description', N'字典标签',
'SCHEMA', N'dbo',
'TABLE', N'sys_dict_data',
'COLUMN', N'dict_label'
GO

EXEC sp_addextendedproperty
'MS_Description', N'字典键值',
'SCHEMA', N'dbo',
'TABLE', N'sys_dict_data',
'COLUMN', N'dict_value'
GO

EXEC sp_addextendedproperty
'MS_Description', N'字典类型',
'SCHEMA', N'dbo',
'TABLE', N'sys_dict_data',
'COLUMN', N'dict_type'
GO

EXEC sp_addextendedproperty
'MS_Description', N'样式属性（其他样式扩展）',
'SCHEMA', N'dbo',
'TABLE', N'sys_dict_data',
'COLUMN', N'css_class'
GO

EXEC sp_addextendedproperty
'MS_Description', N'表格回显样式',
'SCHEMA', N'dbo',
'TABLE', N'sys_dict_data',
'COLUMN', N'list_class'
GO

EXEC sp_addextendedproperty
'MS_Description', N'是否默认（Y是 N否）',
'SCHEMA', N'dbo',
'TABLE', N'sys_dict_data',
'COLUMN', N'is_default'
GO

EXEC sp_addextendedproperty
'MS_Description', N'状态（0正常 1停用）',
'SCHEMA', N'dbo',
'TABLE', N'sys_dict_data',
'COLUMN', N'status'
GO

EXEC sp_addextendedproperty
'MS_Description', N'创建者',
'SCHEMA', N'dbo',
'TABLE', N'sys_dict_data',
'COLUMN', N'create_by'
GO

EXEC sp_addextendedproperty
'MS_Description', N'创建时间',
'SCHEMA', N'dbo',
'TABLE', N'sys_dict_data',
'COLUMN', N'create_time'
GO

EXEC sp_addextendedproperty
'MS_Description', N'更新者',
'SCHEMA', N'dbo',
'TABLE', N'sys_dict_data',
'COLUMN', N'update_by'
GO

EXEC sp_addextendedproperty
'MS_Description', N'更新时间',
'SCHEMA', N'dbo',
'TABLE', N'sys_dict_data',
'COLUMN', N'update_time'
GO

EXEC sp_addextendedproperty
'MS_Description', N'备注',
'SCHEMA', N'dbo',
'TABLE', N'sys_dict_data',
'COLUMN', N'remark'
GO

EXEC sp_addextendedproperty
'MS_Description', N'字典数据表',
'SCHEMA', N'dbo',
'TABLE', N'sys_dict_data'
GO


-- ----------------------------
-- Records of sys_dict_data
-- ----------------------------
SET IDENTITY_INSERT [dbo].[sys_dict_data] ON
GO

INSERT INTO [dbo].[sys_dict_data] ([dict_code], [dict_sort], [dict_label], [dict_value], [dict_type], [css_class], [list_class], [is_default], [status], [create_by], [create_time], [update_by], [update_time], [remark]) VALUES (N'1', N'1', N'男', N'0', N'sys_user_sex', N'', N'', N'Y', N'0', N'admin', N'2023-02-28 10:31:34', N'', NULL, N'性别男')
GO

INSERT INTO [dbo].[sys_dict_data] ([dict_code], [dict_sort], [dict_label], [dict_value], [dict_type], [css_class], [list_class], [is_default], [status], [create_by], [create_time], [update_by], [update_time], [remark]) VALUES (N'2', N'2', N'女', N'1', N'sys_user_sex', N'', N'', N'N', N'0', N'admin', N'2023-02-28 10:31:34', N'', NULL, N'性别女')
GO

INSERT INTO [dbo].[sys_dict_data] ([dict_code], [dict_sort], [dict_label], [dict_value], [dict_type], [css_class], [list_class], [is_default], [status], [create_by], [create_time], [update_by], [update_time], [remark]) VALUES (N'3', N'3', N'未知', N'2', N'sys_user_sex', N'', N'', N'N', N'0', N'admin', N'2023-02-28 10:31:34', N'', NULL, N'性别未知')
GO

INSERT INTO [dbo].[sys_dict_data] ([dict_code], [dict_sort], [dict_label], [dict_value], [dict_type], [css_class], [list_class], [is_default], [status], [create_by], [create_time], [update_by], [update_time], [remark]) VALUES (N'4', N'1', N'显示', N'0', N'sys_show_hide', N'', N'primary', N'Y', N'0', N'admin', N'2023-02-28 10:31:34', N'', NULL, N'显示菜单')
GO

INSERT INTO [dbo].[sys_dict_data] ([dict_code], [dict_sort], [dict_label], [dict_value], [dict_type], [css_class], [list_class], [is_default], [status], [create_by], [create_time], [update_by], [update_time], [remark]) VALUES (N'5', N'2', N'隐藏', N'1', N'sys_show_hide', N'', N'danger', N'N', N'0', N'admin', N'2023-02-28 10:31:34', N'', NULL, N'隐藏菜单')
GO

INSERT INTO [dbo].[sys_dict_data] ([dict_code], [dict_sort], [dict_label], [dict_value], [dict_type], [css_class], [list_class], [is_default], [status], [create_by], [create_time], [update_by], [update_time], [remark]) VALUES (N'6', N'1', N'正常', N'0', N'sys_normal_disable', N'', N'primary', N'Y', N'0', N'admin', N'2023-02-28 10:31:34', N'', NULL, N'正常状态')
GO

INSERT INTO [dbo].[sys_dict_data] ([dict_code], [dict_sort], [dict_label], [dict_value], [dict_type], [css_class], [list_class], [is_default], [status], [create_by], [create_time], [update_by], [update_time], [remark]) VALUES (N'7', N'2', N'停用', N'1', N'sys_normal_disable', N'', N'danger', N'N', N'0', N'admin', N'2023-02-28 10:31:34', N'', NULL, N'停用状态')
GO

INSERT INTO [dbo].[sys_dict_data] ([dict_code], [dict_sort], [dict_label], [dict_value], [dict_type], [css_class], [list_class], [is_default], [status], [create_by], [create_time], [update_by], [update_time], [remark]) VALUES (N'8', N'1', N'正常', N'0', N'sys_job_status', N'', N'primary', N'Y', N'0', N'admin', N'2023-02-28 10:31:34', N'', NULL, N'正常状态')
GO

INSERT INTO [dbo].[sys_dict_data] ([dict_code], [dict_sort], [dict_label], [dict_value], [dict_type], [css_class], [list_class], [is_default], [status], [create_by], [create_time], [update_by], [update_time], [remark]) VALUES (N'9', N'2', N'暂停', N'1', N'sys_job_status', N'', N'danger', N'N', N'0', N'admin', N'2023-02-28 10:31:34', N'', NULL, N'停用状态')
GO

INSERT INTO [dbo].[sys_dict_data] ([dict_code], [dict_sort], [dict_label], [dict_value], [dict_type], [css_class], [list_class], [is_default], [status], [create_by], [create_time], [update_by], [update_time], [remark]) VALUES (N'10', N'1', N'默认', N'DEFAULT', N'sys_job_group', N'', N'', N'Y', N'0', N'admin', N'2023-02-28 10:31:34', N'', NULL, N'默认分组')
GO

INSERT INTO [dbo].[sys_dict_data] ([dict_code], [dict_sort], [dict_label], [dict_value], [dict_type], [css_class], [list_class], [is_default], [status], [create_by], [create_time], [update_by], [update_time], [remark]) VALUES (N'11', N'2', N'系统', N'SYSTEM', N'sys_job_group', N'', N'', N'N', N'0', N'admin', N'2023-02-28 10:31:34', N'', NULL, N'系统分组')
GO

INSERT INTO [dbo].[sys_dict_data] ([dict_code], [dict_sort], [dict_label], [dict_value], [dict_type], [css_class], [list_class], [is_default], [status], [create_by], [create_time], [update_by], [update_time], [remark]) VALUES (N'12', N'1', N'是', N'Y', N'sys_yes_no', N'', N'primary', N'Y', N'0', N'admin', N'2023-02-28 10:31:34', N'', NULL, N'系统默认是')
GO

INSERT INTO [dbo].[sys_dict_data] ([dict_code], [dict_sort], [dict_label], [dict_value], [dict_type], [css_class], [list_class], [is_default], [status], [create_by], [create_time], [update_by], [update_time], [remark]) VALUES (N'13', N'2', N'否', N'N', N'sys_yes_no', N'', N'danger', N'N', N'0', N'admin', N'2023-02-28 10:31:34', N'', NULL, N'系统默认否')
GO

INSERT INTO [dbo].[sys_dict_data] ([dict_code], [dict_sort], [dict_label], [dict_value], [dict_type], [css_class], [list_class], [is_default], [status], [create_by], [create_time], [update_by], [update_time], [remark]) VALUES (N'14', N'1', N'通知', N'1', N'sys_notice_type', N'', N'warning', N'Y', N'0', N'admin', N'2023-02-28 10:31:34', N'', NULL, N'通知')
GO

INSERT INTO [dbo].[sys_dict_data] ([dict_code], [dict_sort], [dict_label], [dict_value], [dict_type], [css_class], [list_class], [is_default], [status], [create_by], [create_time], [update_by], [update_time], [remark]) VALUES (N'15', N'2', N'公告', N'2', N'sys_notice_type', N'', N'success', N'N', N'0', N'admin', N'2023-02-28 10:31:34', N'', NULL, N'公告')
GO

INSERT INTO [dbo].[sys_dict_data] ([dict_code], [dict_sort], [dict_label], [dict_value], [dict_type], [css_class], [list_class], [is_default], [status], [create_by], [create_time], [update_by], [update_time], [remark]) VALUES (N'16', N'1', N'正常', N'0', N'sys_notice_status', N'', N'primary', N'Y', N'0', N'admin', N'2023-02-28 10:31:34', N'', NULL, N'正常状态')
GO

INSERT INTO [dbo].[sys_dict_data] ([dict_code], [dict_sort], [dict_label], [dict_value], [dict_type], [css_class], [list_class], [is_default], [status], [create_by], [create_time], [update_by], [update_time], [remark]) VALUES (N'17', N'2', N'关闭', N'1', N'sys_notice_status', N'', N'danger', N'N', N'0', N'admin', N'2023-02-28 10:31:34', N'', NULL, N'关闭状态')
GO

INSERT INTO [dbo].[sys_dict_data] ([dict_code], [dict_sort], [dict_label], [dict_value], [dict_type], [css_class], [list_class], [is_default], [status], [create_by], [create_time], [update_by], [update_time], [remark]) VALUES (N'18', N'99', N'其他', N'0', N'sys_oper_type', N'', N'info', N'N', N'0', N'admin', N'2023-02-28 10:31:34', N'', NULL, N'其他操作')
GO

INSERT INTO [dbo].[sys_dict_data] ([dict_code], [dict_sort], [dict_label], [dict_value], [dict_type], [css_class], [list_class], [is_default], [status], [create_by], [create_time], [update_by], [update_time], [remark]) VALUES (N'19', N'1', N'新增', N'1', N'sys_oper_type', N'', N'info', N'N', N'0', N'admin', N'2023-02-28 10:31:34', N'', NULL, N'新增操作')
GO

INSERT INTO [dbo].[sys_dict_data] ([dict_code], [dict_sort], [dict_label], [dict_value], [dict_type], [css_class], [list_class], [is_default], [status], [create_by], [create_time], [update_by], [update_time], [remark]) VALUES (N'20', N'2', N'修改', N'2', N'sys_oper_type', N'', N'info', N'N', N'0', N'admin', N'2023-02-28 10:31:34', N'', NULL, N'修改操作')
GO

INSERT INTO [dbo].[sys_dict_data] ([dict_code], [dict_sort], [dict_label], [dict_value], [dict_type], [css_class], [list_class], [is_default], [status], [create_by], [create_time], [update_by], [update_time], [remark]) VALUES (N'21', N'3', N'删除', N'3', N'sys_oper_type', N'', N'danger', N'N', N'0', N'admin', N'2023-02-28 10:31:34', N'', NULL, N'删除操作')
GO

INSERT INTO [dbo].[sys_dict_data] ([dict_code], [dict_sort], [dict_label], [dict_value], [dict_type], [css_class], [list_class], [is_default], [status], [create_by], [create_time], [update_by], [update_time], [remark]) VALUES (N'22', N'4', N'授权', N'4', N'sys_oper_type', N'', N'primary', N'N', N'0', N'admin', N'2023-02-28 10:31:34', N'', NULL, N'授权操作')
GO

INSERT INTO [dbo].[sys_dict_data] ([dict_code], [dict_sort], [dict_label], [dict_value], [dict_type], [css_class], [list_class], [is_default], [status], [create_by], [create_time], [update_by], [update_time], [remark]) VALUES (N'23', N'5', N'导出', N'5', N'sys_oper_type', N'', N'warning', N'N', N'0', N'admin', N'2023-02-28 10:31:34', N'', NULL, N'导出操作')
GO

INSERT INTO [dbo].[sys_dict_data] ([dict_code], [dict_sort], [dict_label], [dict_value], [dict_type], [css_class], [list_class], [is_default], [status], [create_by], [create_time], [update_by], [update_time], [remark]) VALUES (N'24', N'6', N'导入', N'6', N'sys_oper_type', N'', N'warning', N'N', N'0', N'admin', N'2023-02-28 10:31:34', N'', NULL, N'导入操作')
GO

INSERT INTO [dbo].[sys_dict_data] ([dict_code], [dict_sort], [dict_label], [dict_value], [dict_type], [css_class], [list_class], [is_default], [status], [create_by], [create_time], [update_by], [update_time], [remark]) VALUES (N'25', N'7', N'强退', N'7', N'sys_oper_type', N'', N'danger', N'N', N'0', N'admin', N'2023-02-28 10:31:34', N'', NULL, N'强退操作')
GO

INSERT INTO [dbo].[sys_dict_data] ([dict_code], [dict_sort], [dict_label], [dict_value], [dict_type], [css_class], [list_class], [is_default], [status], [create_by], [create_time], [update_by], [update_time], [remark]) VALUES (N'26', N'8', N'生成代码', N'8', N'sys_oper_type', N'', N'warning', N'N', N'0', N'admin', N'2023-02-28 10:31:34', N'', NULL, N'生成操作')
GO

INSERT INTO [dbo].[sys_dict_data] ([dict_code], [dict_sort], [dict_label], [dict_value], [dict_type], [css_class], [list_class], [is_default], [status], [create_by], [create_time], [update_by], [update_time], [remark]) VALUES (N'27', N'9', N'清空数据', N'9', N'sys_oper_type', N'', N'danger', N'N', N'0', N'admin', N'2023-02-28 10:31:34', N'', NULL, N'清空操作')
GO

INSERT INTO [dbo].[sys_dict_data] ([dict_code], [dict_sort], [dict_label], [dict_value], [dict_type], [css_class], [list_class], [is_default], [status], [create_by], [create_time], [update_by], [update_time], [remark]) VALUES (N'28', N'1', N'成功', N'0', N'sys_common_status', N'', N'primary', N'N', N'0', N'admin', N'2023-02-28 10:31:34', N'', NULL, N'正常状态')
GO

INSERT INTO [dbo].[sys_dict_data] ([dict_code], [dict_sort], [dict_label], [dict_value], [dict_type], [css_class], [list_class], [is_default], [status], [create_by], [create_time], [update_by], [update_time], [remark]) VALUES (N'29', N'2', N'失败', N'1', N'sys_common_status', N'', N'danger', N'N', N'0', N'admin', N'2023-02-28 10:31:34', N'', NULL, N'停用状态')
GO

SET IDENTITY_INSERT [dbo].[sys_dict_data] OFF
GO


-- ----------------------------
-- Table structure for sys_dict_type
-- ----------------------------
IF EXISTS (SELECT * FROM sys.all_objects WHERE object_id = OBJECT_ID(N'[dbo].[sys_dict_type]') AND type IN ('U'))
	DROP TABLE [dbo].[sys_dict_type]
GO

CREATE TABLE [dbo].[sys_dict_type] (
  [dict_id] bigint  IDENTITY(1,1) NOT NULL,
  [dict_name] nvarchar(100) COLLATE Chinese_PRC_CI_AS  NULL,
  [dict_type] nvarchar(100) COLLATE Chinese_PRC_CI_AS  NULL,
  [status] nchar(1) COLLATE Chinese_PRC_CI_AS  NULL,
  [create_by] nvarchar(64) COLLATE Chinese_PRC_CI_AS  NULL,
  [create_time] datetime2(0)  NULL,
  [update_by] nvarchar(64) COLLATE Chinese_PRC_CI_AS  NULL,
  [update_time] datetime2(0)  NULL,
  [remark] nvarchar(500) COLLATE Chinese_PRC_CI_AS  NULL
)
GO

ALTER TABLE [dbo].[sys_dict_type] SET (LOCK_ESCALATION = TABLE)
GO

EXEC sp_addextendedproperty
'MS_Description', N'字典主键',
'SCHEMA', N'dbo',
'TABLE', N'sys_dict_type',
'COLUMN', N'dict_id'
GO

EXEC sp_addextendedproperty
'MS_Description', N'字典名称',
'SCHEMA', N'dbo',
'TABLE', N'sys_dict_type',
'COLUMN', N'dict_name'
GO

EXEC sp_addextendedproperty
'MS_Description', N'字典类型',
'SCHEMA', N'dbo',
'TABLE', N'sys_dict_type',
'COLUMN', N'dict_type'
GO

EXEC sp_addextendedproperty
'MS_Description', N'状态（0正常 1停用）',
'SCHEMA', N'dbo',
'TABLE', N'sys_dict_type',
'COLUMN', N'status'
GO

EXEC sp_addextendedproperty
'MS_Description', N'创建者',
'SCHEMA', N'dbo',
'TABLE', N'sys_dict_type',
'COLUMN', N'create_by'
GO

EXEC sp_addextendedproperty
'MS_Description', N'创建时间',
'SCHEMA', N'dbo',
'TABLE', N'sys_dict_type',
'COLUMN', N'create_time'
GO

EXEC sp_addextendedproperty
'MS_Description', N'更新者',
'SCHEMA', N'dbo',
'TABLE', N'sys_dict_type',
'COLUMN', N'update_by'
GO

EXEC sp_addextendedproperty
'MS_Description', N'更新时间',
'SCHEMA', N'dbo',
'TABLE', N'sys_dict_type',
'COLUMN', N'update_time'
GO

EXEC sp_addextendedproperty
'MS_Description', N'备注',
'SCHEMA', N'dbo',
'TABLE', N'sys_dict_type',
'COLUMN', N'remark'
GO

EXEC sp_addextendedproperty
'MS_Description', N'字典类型表',
'SCHEMA', N'dbo',
'TABLE', N'sys_dict_type'
GO


-- ----------------------------
-- Records of sys_dict_type
-- ----------------------------
SET IDENTITY_INSERT [dbo].[sys_dict_type] ON
GO

INSERT INTO [dbo].[sys_dict_type] ([dict_id], [dict_name], [dict_type], [status], [create_by], [create_time], [update_by], [update_time], [remark]) VALUES (N'1', N'用户性别', N'sys_user_sex', N'0', N'admin', N'2023-02-28 10:31:34', N'', NULL, N'用户性别列表')
GO

INSERT INTO [dbo].[sys_dict_type] ([dict_id], [dict_name], [dict_type], [status], [create_by], [create_time], [update_by], [update_time], [remark]) VALUES (N'2', N'菜单状态', N'sys_show_hide', N'0', N'admin', N'2023-02-28 10:31:34', N'', NULL, N'菜单状态列表')
GO

INSERT INTO [dbo].[sys_dict_type] ([dict_id], [dict_name], [dict_type], [status], [create_by], [create_time], [update_by], [update_time], [remark]) VALUES (N'3', N'系统开关', N'sys_normal_disable', N'0', N'admin', N'2023-02-28 10:31:34', N'', NULL, N'系统开关列表')
GO

INSERT INTO [dbo].[sys_dict_type] ([dict_id], [dict_name], [dict_type], [status], [create_by], [create_time], [update_by], [update_time], [remark]) VALUES (N'4', N'任务状态', N'sys_job_status', N'0', N'admin', N'2023-02-28 10:31:34', N'', NULL, N'任务状态列表')
GO

INSERT INTO [dbo].[sys_dict_type] ([dict_id], [dict_name], [dict_type], [status], [create_by], [create_time], [update_by], [update_time], [remark]) VALUES (N'5', N'任务分组', N'sys_job_group', N'0', N'admin', N'2023-02-28 10:31:34', N'', NULL, N'任务分组列表')
GO

INSERT INTO [dbo].[sys_dict_type] ([dict_id], [dict_name], [dict_type], [status], [create_by], [create_time], [update_by], [update_time], [remark]) VALUES (N'6', N'系统是否', N'sys_yes_no', N'0', N'admin', N'2023-02-28 10:31:34', N'', NULL, N'系统是否列表')
GO

INSERT INTO [dbo].[sys_dict_type] ([dict_id], [dict_name], [dict_type], [status], [create_by], [create_time], [update_by], [update_time], [remark]) VALUES (N'7', N'通知类型', N'sys_notice_type', N'0', N'admin', N'2023-02-28 10:31:34', N'', NULL, N'通知类型列表')
GO

INSERT INTO [dbo].[sys_dict_type] ([dict_id], [dict_name], [dict_type], [status], [create_by], [create_time], [update_by], [update_time], [remark]) VALUES (N'8', N'通知状态', N'sys_notice_status', N'0', N'admin', N'2023-02-28 10:31:34', N'', NULL, N'通知状态列表')
GO

INSERT INTO [dbo].[sys_dict_type] ([dict_id], [dict_name], [dict_type], [status], [create_by], [create_time], [update_by], [update_time], [remark]) VALUES (N'9', N'操作类型', N'sys_oper_type', N'0', N'admin', N'2023-02-28 10:31:34', N'', NULL, N'操作类型列表')
GO

INSERT INTO [dbo].[sys_dict_type] ([dict_id], [dict_name], [dict_type], [status], [create_by], [create_time], [update_by], [update_time], [remark]) VALUES (N'10', N'系统状态', N'sys_common_status', N'0', N'admin', N'2023-02-28 10:31:34', N'', NULL, N'登录状态列表')
GO

SET IDENTITY_INSERT [dbo].[sys_dict_type] OFF
GO


-- ----------------------------
-- Table structure for sys_job
-- ----------------------------
IF EXISTS (SELECT * FROM sys.all_objects WHERE object_id = OBJECT_ID(N'[dbo].[sys_job]') AND type IN ('U'))
	DROP TABLE [dbo].[sys_job]
GO

CREATE TABLE [dbo].[sys_job] (
  [job_id] bigint  IDENTITY(1,1) NOT NULL,
  [job_name] nvarchar(64) COLLATE Chinese_PRC_CI_AS  NOT NULL,
  [job_group] nvarchar(64) COLLATE Chinese_PRC_CI_AS  NOT NULL,
  [invoke_target] nvarchar(500) COLLATE Chinese_PRC_CI_AS  NOT NULL,
  [cron_expression] nvarchar(255) COLLATE Chinese_PRC_CI_AS  NULL,
  [misfire_policy] nvarchar(20) COLLATE Chinese_PRC_CI_AS  NULL,
  [concurrent] nchar(1) COLLATE Chinese_PRC_CI_AS  NULL,
  [status] nchar(1) COLLATE Chinese_PRC_CI_AS  NULL,
  [create_by] nvarchar(64) COLLATE Chinese_PRC_CI_AS  NULL,
  [create_time] datetime2(0)  NULL,
  [update_by] nvarchar(64) COLLATE Chinese_PRC_CI_AS  NULL,
  [update_time] datetime2(0)  NULL,
  [remark] nvarchar(500) COLLATE Chinese_PRC_CI_AS  NULL
)
GO

ALTER TABLE [dbo].[sys_job] SET (LOCK_ESCALATION = TABLE)
GO

EXEC sp_addextendedproperty
'MS_Description', N'任务ID',
'SCHEMA', N'dbo',
'TABLE', N'sys_job',
'COLUMN', N'job_id'
GO

EXEC sp_addextendedproperty
'MS_Description', N'任务名称',
'SCHEMA', N'dbo',
'TABLE', N'sys_job',
'COLUMN', N'job_name'
GO

EXEC sp_addextendedproperty
'MS_Description', N'任务组名',
'SCHEMA', N'dbo',
'TABLE', N'sys_job',
'COLUMN', N'job_group'
GO

EXEC sp_addextendedproperty
'MS_Description', N'调用目标字符串',
'SCHEMA', N'dbo',
'TABLE', N'sys_job',
'COLUMN', N'invoke_target'
GO

EXEC sp_addextendedproperty
'MS_Description', N'cron执行表达式',
'SCHEMA', N'dbo',
'TABLE', N'sys_job',
'COLUMN', N'cron_expression'
GO

EXEC sp_addextendedproperty
'MS_Description', N'计划执行错误策略（1立即执行 2执行一次 3放弃执行）',
'SCHEMA', N'dbo',
'TABLE', N'sys_job',
'COLUMN', N'misfire_policy'
GO

EXEC sp_addextendedproperty
'MS_Description', N'是否并发执行（0允许 1禁止）',
'SCHEMA', N'dbo',
'TABLE', N'sys_job',
'COLUMN', N'concurrent'
GO

EXEC sp_addextendedproperty
'MS_Description', N'状态（0正常 1暂停）',
'SCHEMA', N'dbo',
'TABLE', N'sys_job',
'COLUMN', N'status'
GO

EXEC sp_addextendedproperty
'MS_Description', N'创建者',
'SCHEMA', N'dbo',
'TABLE', N'sys_job',
'COLUMN', N'create_by'
GO

EXEC sp_addextendedproperty
'MS_Description', N'创建时间',
'SCHEMA', N'dbo',
'TABLE', N'sys_job',
'COLUMN', N'create_time'
GO

EXEC sp_addextendedproperty
'MS_Description', N'更新者',
'SCHEMA', N'dbo',
'TABLE', N'sys_job',
'COLUMN', N'update_by'
GO

EXEC sp_addextendedproperty
'MS_Description', N'更新时间',
'SCHEMA', N'dbo',
'TABLE', N'sys_job',
'COLUMN', N'update_time'
GO

EXEC sp_addextendedproperty
'MS_Description', N'备注信息',
'SCHEMA', N'dbo',
'TABLE', N'sys_job',
'COLUMN', N'remark'
GO

EXEC sp_addextendedproperty
'MS_Description', N'定时任务调度表',
'SCHEMA', N'dbo',
'TABLE', N'sys_job'
GO


-- ----------------------------
-- Records of sys_job
-- ----------------------------
SET IDENTITY_INSERT [dbo].[sys_job] ON
GO

INSERT INTO [dbo].[sys_job] ([job_id], [job_name], [job_group], [invoke_target], [cron_expression], [misfire_policy], [concurrent], [status], [create_by], [create_time], [update_by], [update_time], [remark]) VALUES (N'1', N'系统默认（无参）', N'DEFAULT', N'ryTask.ryNoParams', N'0/10 * * * * ?', N'3', N'1', N'1', N'admin', N'2023-02-28 10:31:35', N'', NULL, N'')
GO

INSERT INTO [dbo].[sys_job] ([job_id], [job_name], [job_group], [invoke_target], [cron_expression], [misfire_policy], [concurrent], [status], [create_by], [create_time], [update_by], [update_time], [remark]) VALUES (N'2', N'系统默认（有参）', N'DEFAULT', N'ryTask.ryParams(''ry'')', N'0/15 * * * * ?', N'3', N'1', N'1', N'admin', N'2023-02-28 10:31:35', N'', NULL, N'')
GO

INSERT INTO [dbo].[sys_job] ([job_id], [job_name], [job_group], [invoke_target], [cron_expression], [misfire_policy], [concurrent], [status], [create_by], [create_time], [update_by], [update_time], [remark]) VALUES (N'3', N'系统默认（多参）', N'DEFAULT', N'ryTask.ryMultipleParams(''ry'', true, 2000L, 316.50D, 100)', N'0/20 * * * * ?', N'3', N'1', N'1', N'admin', N'2023-02-28 10:31:35', N'', NULL, N'')
GO

SET IDENTITY_INSERT [dbo].[sys_job] OFF
GO


-- ----------------------------
-- Table structure for sys_job_log
-- ----------------------------
IF EXISTS (SELECT * FROM sys.all_objects WHERE object_id = OBJECT_ID(N'[dbo].[sys_job_log]') AND type IN ('U'))
	DROP TABLE [dbo].[sys_job_log]
GO

CREATE TABLE [dbo].[sys_job_log] (
  [job_log_id] bigint  IDENTITY(1,1) NOT NULL,
  [job_name] nvarchar(64) COLLATE Chinese_PRC_CI_AS  NOT NULL,
  [job_group] nvarchar(64) COLLATE Chinese_PRC_CI_AS  NOT NULL,
  [invoke_target] nvarchar(500) COLLATE Chinese_PRC_CI_AS  NOT NULL,
  [job_message] nvarchar(500) COLLATE Chinese_PRC_CI_AS  NULL,
  [status] nchar(1) COLLATE Chinese_PRC_CI_AS  NULL,
  [exception_info] nvarchar(2000) COLLATE Chinese_PRC_CI_AS  NULL,
  [create_time] datetime2(0)  NULL
)
GO

ALTER TABLE [dbo].[sys_job_log] SET (LOCK_ESCALATION = TABLE)
GO

EXEC sp_addextendedproperty
'MS_Description', N'任务日志ID',
'SCHEMA', N'dbo',
'TABLE', N'sys_job_log',
'COLUMN', N'job_log_id'
GO

EXEC sp_addextendedproperty
'MS_Description', N'任务名称',
'SCHEMA', N'dbo',
'TABLE', N'sys_job_log',
'COLUMN', N'job_name'
GO

EXEC sp_addextendedproperty
'MS_Description', N'任务组名',
'SCHEMA', N'dbo',
'TABLE', N'sys_job_log',
'COLUMN', N'job_group'
GO

EXEC sp_addextendedproperty
'MS_Description', N'调用目标字符串',
'SCHEMA', N'dbo',
'TABLE', N'sys_job_log',
'COLUMN', N'invoke_target'
GO

EXEC sp_addextendedproperty
'MS_Description', N'日志信息',
'SCHEMA', N'dbo',
'TABLE', N'sys_job_log',
'COLUMN', N'job_message'
GO

EXEC sp_addextendedproperty
'MS_Description', N'执行状态（0正常 1失败）',
'SCHEMA', N'dbo',
'TABLE', N'sys_job_log',
'COLUMN', N'status'
GO

EXEC sp_addextendedproperty
'MS_Description', N'异常信息',
'SCHEMA', N'dbo',
'TABLE', N'sys_job_log',
'COLUMN', N'exception_info'
GO

EXEC sp_addextendedproperty
'MS_Description', N'创建时间',
'SCHEMA', N'dbo',
'TABLE', N'sys_job_log',
'COLUMN', N'create_time'
GO

EXEC sp_addextendedproperty
'MS_Description', N'定时任务调度日志表',
'SCHEMA', N'dbo',
'TABLE', N'sys_job_log'
GO


-- ----------------------------
-- Records of sys_job_log
-- ----------------------------
SET IDENTITY_INSERT [dbo].[sys_job_log] ON
GO

SET IDENTITY_INSERT [dbo].[sys_job_log] OFF
GO


-- ----------------------------
-- Table structure for sys_logininfor
-- ----------------------------
IF EXISTS (SELECT * FROM sys.all_objects WHERE object_id = OBJECT_ID(N'[dbo].[sys_logininfor]') AND type IN ('U'))
	DROP TABLE [dbo].[sys_logininfor]
GO

CREATE TABLE [dbo].[sys_logininfor] (
  [info_id] bigint  IDENTITY(1,1) NOT NULL,
  [user_name] nvarchar(50) COLLATE Chinese_PRC_CI_AS  NULL,
  [ipaddr] nvarchar(128) COLLATE Chinese_PRC_CI_AS  NULL,
  [login_location] nvarchar(255) COLLATE Chinese_PRC_CI_AS  NULL,
  [browser] nvarchar(50) COLLATE Chinese_PRC_CI_AS  NULL,
  [os] nvarchar(50) COLLATE Chinese_PRC_CI_AS  NULL,
  [status] nchar(1) COLLATE Chinese_PRC_CI_AS  NULL,
  [msg] nvarchar(255) COLLATE Chinese_PRC_CI_AS  NULL,
  [login_time] datetime2(0)  NULL
)
GO

ALTER TABLE [dbo].[sys_logininfor] SET (LOCK_ESCALATION = TABLE)
GO

EXEC sp_addextendedproperty
'MS_Description', N'访问ID',
'SCHEMA', N'dbo',
'TABLE', N'sys_logininfor',
'COLUMN', N'info_id'
GO

EXEC sp_addextendedproperty
'MS_Description', N'用户账号',
'SCHEMA', N'dbo',
'TABLE', N'sys_logininfor',
'COLUMN', N'user_name'
GO

EXEC sp_addextendedproperty
'MS_Description', N'登录IP地址',
'SCHEMA', N'dbo',
'TABLE', N'sys_logininfor',
'COLUMN', N'ipaddr'
GO

EXEC sp_addextendedproperty
'MS_Description', N'登录地点',
'SCHEMA', N'dbo',
'TABLE', N'sys_logininfor',
'COLUMN', N'login_location'
GO

EXEC sp_addextendedproperty
'MS_Description', N'浏览器类型',
'SCHEMA', N'dbo',
'TABLE', N'sys_logininfor',
'COLUMN', N'browser'
GO

EXEC sp_addextendedproperty
'MS_Description', N'操作系统',
'SCHEMA', N'dbo',
'TABLE', N'sys_logininfor',
'COLUMN', N'os'
GO

EXEC sp_addextendedproperty
'MS_Description', N'登录状态（0成功 1失败）',
'SCHEMA', N'dbo',
'TABLE', N'sys_logininfor',
'COLUMN', N'status'
GO

EXEC sp_addextendedproperty
'MS_Description', N'提示消息',
'SCHEMA', N'dbo',
'TABLE', N'sys_logininfor',
'COLUMN', N'msg'
GO

EXEC sp_addextendedproperty
'MS_Description', N'访问时间',
'SCHEMA', N'dbo',
'TABLE', N'sys_logininfor',
'COLUMN', N'login_time'
GO

EXEC sp_addextendedproperty
'MS_Description', N'系统访问记录',
'SCHEMA', N'dbo',
'TABLE', N'sys_logininfor'
GO


-- ----------------------------
-- Records of sys_logininfor
-- ----------------------------
SET IDENTITY_INSERT [dbo].[sys_logininfor] ON
GO

INSERT INTO [dbo].[sys_logininfor] ([info_id], [user_name], [ipaddr], [login_location], [browser], [os], [status], [msg], [login_time]) VALUES (N'100', N'admin', N'127.0.0.1', N'内网IP', N'Chrome 10', N'Windows 10', N'0', N'登录成功', N'2023-02-28 10:37:28')
GO

INSERT INTO [dbo].[sys_logininfor] ([info_id], [user_name], [ipaddr], [login_location], [browser], [os], [status], [msg], [login_time]) VALUES (N'101', N'admin', N'127.0.0.1', N'内网IP', N'Chrome 10', N'Windows 10', N'0', N'登录成功', N'2023-02-28 14:29:42')
GO

INSERT INTO [dbo].[sys_logininfor] ([info_id], [user_name], [ipaddr], [login_location], [browser], [os], [status], [msg], [login_time]) VALUES (N'102', N'admin', N'127.0.0.1', N'内网IP', N'Chrome 10', N'Windows 10', N'0', N'退出成功', N'2023-02-28 14:33:29')
GO

INSERT INTO [dbo].[sys_logininfor] ([info_id], [user_name], [ipaddr], [login_location], [browser], [os], [status], [msg], [login_time]) VALUES (N'103', N'admin', N'127.0.0.1', N'内网IP', N'Chrome 10', N'Windows 10', N'0', N'登录成功', N'2023-02-28 14:33:33')
GO

INSERT INTO [dbo].[sys_logininfor] ([info_id], [user_name], [ipaddr], [login_location], [browser], [os], [status], [msg], [login_time]) VALUES (N'104', N'admin', N'127.0.0.1', N'内网IP', N'Chrome 10', N'Windows 10', N'0', N'登录成功', N'2023-02-28 17:28:39')
GO

INSERT INTO [dbo].[sys_logininfor] ([info_id], [user_name], [ipaddr], [login_location], [browser], [os], [status], [msg], [login_time]) VALUES (N'105', N'admin', N'127.0.0.1', N'内网IP', N'Chrome 10', N'Windows 10', N'0', N'登录成功', N'2023-03-01 10:33:49')
GO

INSERT INTO [dbo].[sys_logininfor] ([info_id], [user_name], [ipaddr], [login_location], [browser], [os], [status], [msg], [login_time]) VALUES (N'106', N'admin', N'127.0.0.1', N'内网IP', N'Chrome 10', N'Windows 10', N'0', N'登录成功', N'2023-03-17 17:23:25')
GO

INSERT INTO [dbo].[sys_logininfor] ([info_id], [user_name], [ipaddr], [login_location], [browser], [os], [status], [msg], [login_time]) VALUES (N'107', N'admin', N'127.0.0.1', N'内网IP', N'Chrome 10', N'Windows 10', N'0', N'登录成功', N'2023-03-18 11:41:42')
GO

INSERT INTO [dbo].[sys_logininfor] ([info_id], [user_name], [ipaddr], [login_location], [browser], [os], [status], [msg], [login_time]) VALUES (N'108', N'admin', N'127.0.0.1', N'内网IP', N'Chrome 10', N'Windows 10', N'0', N'登录成功', N'2023-03-18 13:03:48')
GO

INSERT INTO [dbo].[sys_logininfor] ([info_id], [user_name], [ipaddr], [login_location], [browser], [os], [status], [msg], [login_time]) VALUES (N'109', N'admin', N'127.0.0.1', N'内网IP', N'Chrome 10', N'Windows 10', N'1', N'验证码错误', N'2023-03-18 14:03:40')
GO

INSERT INTO [dbo].[sys_logininfor] ([info_id], [user_name], [ipaddr], [login_location], [browser], [os], [status], [msg], [login_time]) VALUES (N'110', N'admin', N'127.0.0.1', N'内网IP', N'Chrome 10', N'Windows 10', N'1', N'验证码错误', N'2023-03-18 14:03:43')
GO

INSERT INTO [dbo].[sys_logininfor] ([info_id], [user_name], [ipaddr], [login_location], [browser], [os], [status], [msg], [login_time]) VALUES (N'111', N'admin', N'127.0.0.1', N'内网IP', N'Chrome 10', N'Windows 10', N'0', N'登录成功', N'2023-03-18 14:03:47')
GO

SET IDENTITY_INSERT [dbo].[sys_logininfor] OFF
GO


-- ----------------------------
-- Table structure for sys_menu
-- ----------------------------
IF EXISTS (SELECT * FROM sys.all_objects WHERE object_id = OBJECT_ID(N'[dbo].[sys_menu]') AND type IN ('U'))
	DROP TABLE [dbo].[sys_menu]
GO

CREATE TABLE [dbo].[sys_menu] (
  [menu_id] bigint  IDENTITY(1,1) NOT NULL,
  [menu_name] nvarchar(50) COLLATE Chinese_PRC_CI_AS  NOT NULL,
  [parent_id] bigint DEFAULT ((0)) NULL,
  [order_num] int  NULL,
  [path] nvarchar(200) COLLATE Chinese_PRC_CI_AS  NULL,
  [component] nvarchar(255) COLLATE Chinese_PRC_CI_AS  NULL,
  [query] nvarchar(255) COLLATE Chinese_PRC_CI_AS  NULL,
  [is_frame] int  NULL,
  [is_cache] int  NULL,
  [menu_type] nchar(1) COLLATE Chinese_PRC_CI_AS  NULL,
  [visible] nchar(1) COLLATE Chinese_PRC_CI_AS  NULL,
  [status] nchar(1) COLLATE Chinese_PRC_CI_AS  NULL,
  [perms] nvarchar(100) COLLATE Chinese_PRC_CI_AS  NULL,
  [icon] nvarchar(100) COLLATE Chinese_PRC_CI_AS  NULL,
  [create_by] nvarchar(64) COLLATE Chinese_PRC_CI_AS  NULL,
  [create_time] datetime2(0)  NULL,
  [update_by] nvarchar(64) COLLATE Chinese_PRC_CI_AS  NULL,
  [update_time] datetime2(0)  NULL,
  [remark] nvarchar(500) COLLATE Chinese_PRC_CI_AS  NULL
)
GO

ALTER TABLE [dbo].[sys_menu] SET (LOCK_ESCALATION = TABLE)
GO

EXEC sp_addextendedproperty
'MS_Description', N'菜单ID',
'SCHEMA', N'dbo',
'TABLE', N'sys_menu',
'COLUMN', N'menu_id'
GO

EXEC sp_addextendedproperty
'MS_Description', N'菜单名称',
'SCHEMA', N'dbo',
'TABLE', N'sys_menu',
'COLUMN', N'menu_name'
GO

EXEC sp_addextendedproperty
'MS_Description', N'父菜单ID',
'SCHEMA', N'dbo',
'TABLE', N'sys_menu',
'COLUMN', N'parent_id'
GO

EXEC sp_addextendedproperty
'MS_Description', N'显示顺序',
'SCHEMA', N'dbo',
'TABLE', N'sys_menu',
'COLUMN', N'order_num'
GO

EXEC sp_addextendedproperty
'MS_Description', N'路由地址',
'SCHEMA', N'dbo',
'TABLE', N'sys_menu',
'COLUMN', N'path'
GO

EXEC sp_addextendedproperty
'MS_Description', N'组件路径',
'SCHEMA', N'dbo',
'TABLE', N'sys_menu',
'COLUMN', N'component'
GO

EXEC sp_addextendedproperty
'MS_Description', N'路由参数',
'SCHEMA', N'dbo',
'TABLE', N'sys_menu',
'COLUMN', N'query'
GO

EXEC sp_addextendedproperty
'MS_Description', N'是否为外链（0是 1否）',
'SCHEMA', N'dbo',
'TABLE', N'sys_menu',
'COLUMN', N'is_frame'
GO

EXEC sp_addextendedproperty
'MS_Description', N'是否缓存（0缓存 1不缓存）',
'SCHEMA', N'dbo',
'TABLE', N'sys_menu',
'COLUMN', N'is_cache'
GO

EXEC sp_addextendedproperty
'MS_Description', N'菜单类型（M目录 C菜单 F按钮）',
'SCHEMA', N'dbo',
'TABLE', N'sys_menu',
'COLUMN', N'menu_type'
GO

EXEC sp_addextendedproperty
'MS_Description', N'菜单状态（0显示 1隐藏）',
'SCHEMA', N'dbo',
'TABLE', N'sys_menu',
'COLUMN', N'visible'
GO

EXEC sp_addextendedproperty
'MS_Description', N'菜单状态（0正常 1停用）',
'SCHEMA', N'dbo',
'TABLE', N'sys_menu',
'COLUMN', N'status'
GO

EXEC sp_addextendedproperty
'MS_Description', N'权限标识',
'SCHEMA', N'dbo',
'TABLE', N'sys_menu',
'COLUMN', N'perms'
GO

EXEC sp_addextendedproperty
'MS_Description', N'菜单图标',
'SCHEMA', N'dbo',
'TABLE', N'sys_menu',
'COLUMN', N'icon'
GO

EXEC sp_addextendedproperty
'MS_Description', N'创建者',
'SCHEMA', N'dbo',
'TABLE', N'sys_menu',
'COLUMN', N'create_by'
GO

EXEC sp_addextendedproperty
'MS_Description', N'创建时间',
'SCHEMA', N'dbo',
'TABLE', N'sys_menu',
'COLUMN', N'create_time'
GO

EXEC sp_addextendedproperty
'MS_Description', N'更新者',
'SCHEMA', N'dbo',
'TABLE', N'sys_menu',
'COLUMN', N'update_by'
GO

EXEC sp_addextendedproperty
'MS_Description', N'更新时间',
'SCHEMA', N'dbo',
'TABLE', N'sys_menu',
'COLUMN', N'update_time'
GO

EXEC sp_addextendedproperty
'MS_Description', N'备注',
'SCHEMA', N'dbo',
'TABLE', N'sys_menu',
'COLUMN', N'remark'
GO

EXEC sp_addextendedproperty
'MS_Description', N'菜单权限表',
'SCHEMA', N'dbo',
'TABLE', N'sys_menu'
GO


-- ----------------------------
-- Records of sys_menu
-- ----------------------------
SET IDENTITY_INSERT [dbo].[sys_menu] ON
GO

INSERT INTO [dbo].[sys_menu] ([menu_id], [menu_name], [parent_id], [order_num], [path], [component], [query], [is_frame], [is_cache], [menu_type], [visible], [status], [perms], [icon], [create_by], [create_time], [update_by], [update_time], [remark]) VALUES (N'1', N'系统管理', N'0', N'1', N'system', NULL, N'', N'1', N'0', N'M', N'0', N'0', N'', N'system', N'admin', N'2023-02-28 10:31:32', N'', NULL, N'系统管理目录')
GO

INSERT INTO [dbo].[sys_menu] ([menu_id], [menu_name], [parent_id], [order_num], [path], [component], [query], [is_frame], [is_cache], [menu_type], [visible], [status], [perms], [icon], [create_by], [create_time], [update_by], [update_time], [remark]) VALUES (N'2', N'系统监控', N'0', N'2', N'monitor', NULL, N'', N'1', N'0', N'M', N'0', N'0', N'', N'monitor', N'admin', N'2023-02-28 10:31:32', N'', NULL, N'系统监控目录')
GO

INSERT INTO [dbo].[sys_menu] ([menu_id], [menu_name], [parent_id], [order_num], [path], [component], [query], [is_frame], [is_cache], [menu_type], [visible], [status], [perms], [icon], [create_by], [create_time], [update_by], [update_time], [remark]) VALUES (N'3', N'系统工具', N'0', N'3', N'tool', NULL, N'', N'1', N'0', N'M', N'0', N'0', N'', N'tool', N'admin', N'2023-02-28 10:31:32', N'', NULL, N'系统工具目录')
GO

INSERT INTO [dbo].[sys_menu] ([menu_id], [menu_name], [parent_id], [order_num], [path], [component], [query], [is_frame], [is_cache], [menu_type], [visible], [status], [perms], [icon], [create_by], [create_time], [update_by], [update_time], [remark]) VALUES (N'4', N'若依官网', N'0', N'4', N'http://ruoyi.vip', NULL, N'', N'0', N'0', N'M', N'0', N'0', N'', N'guide', N'admin', N'2023-02-28 10:31:32', N'', NULL, N'若依官网地址')
GO

INSERT INTO [dbo].[sys_menu] ([menu_id], [menu_name], [parent_id], [order_num], [path], [component], [query], [is_frame], [is_cache], [menu_type], [visible], [status], [perms], [icon], [create_by], [create_time], [update_by], [update_time], [remark]) VALUES (N'100', N'用户管理', N'1', N'1', N'user', N'system/user/index', N'', N'1', N'0', N'C', N'0', N'0', N'system:user:list', N'user', N'admin', N'2023-02-28 10:31:32', N'', NULL, N'用户管理菜单')
GO

INSERT INTO [dbo].[sys_menu] ([menu_id], [menu_name], [parent_id], [order_num], [path], [component], [query], [is_frame], [is_cache], [menu_type], [visible], [status], [perms], [icon], [create_by], [create_time], [update_by], [update_time], [remark]) VALUES (N'101', N'角色管理', N'1', N'2', N'role', N'system/role/index', N'', N'1', N'0', N'C', N'0', N'0', N'system:role:list', N'peoples', N'admin', N'2023-02-28 10:31:32', N'', NULL, N'角色管理菜单')
GO

INSERT INTO [dbo].[sys_menu] ([menu_id], [menu_name], [parent_id], [order_num], [path], [component], [query], [is_frame], [is_cache], [menu_type], [visible], [status], [perms], [icon], [create_by], [create_time], [update_by], [update_time], [remark]) VALUES (N'102', N'菜单管理', N'1', N'3', N'menu', N'system/menu/index', N'', N'1', N'0', N'C', N'0', N'0', N'system:menu:list', N'tree-table', N'admin', N'2023-02-28 10:31:32', N'', NULL, N'菜单管理菜单')
GO

INSERT INTO [dbo].[sys_menu] ([menu_id], [menu_name], [parent_id], [order_num], [path], [component], [query], [is_frame], [is_cache], [menu_type], [visible], [status], [perms], [icon], [create_by], [create_time], [update_by], [update_time], [remark]) VALUES (N'103', N'部门管理', N'1', N'4', N'dept', N'system/dept/index', N'', N'1', N'0', N'C', N'0', N'0', N'system:dept:list', N'tree', N'admin', N'2023-02-28 10:31:32', N'', NULL, N'部门管理菜单')
GO

INSERT INTO [dbo].[sys_menu] ([menu_id], [menu_name], [parent_id], [order_num], [path], [component], [query], [is_frame], [is_cache], [menu_type], [visible], [status], [perms], [icon], [create_by], [create_time], [update_by], [update_time], [remark]) VALUES (N'104', N'岗位管理', N'1', N'5', N'post', N'system/post/index', N'', N'1', N'0', N'C', N'0', N'0', N'system:post:list', N'post', N'admin', N'2023-02-28 10:31:32', N'', NULL, N'岗位管理菜单')
GO

INSERT INTO [dbo].[sys_menu] ([menu_id], [menu_name], [parent_id], [order_num], [path], [component], [query], [is_frame], [is_cache], [menu_type], [visible], [status], [perms], [icon], [create_by], [create_time], [update_by], [update_time], [remark]) VALUES (N'105', N'字典管理', N'1', N'6', N'dict', N'system/dict/index', N'', N'1', N'0', N'C', N'0', N'0', N'system:dict:list', N'dict', N'admin', N'2023-02-28 10:31:32', N'', NULL, N'字典管理菜单')
GO

INSERT INTO [dbo].[sys_menu] ([menu_id], [menu_name], [parent_id], [order_num], [path], [component], [query], [is_frame], [is_cache], [menu_type], [visible], [status], [perms], [icon], [create_by], [create_time], [update_by], [update_time], [remark]) VALUES (N'106', N'参数设置', N'1', N'7', N'config', N'system/config/index', N'', N'1', N'0', N'C', N'0', N'0', N'system:config:list', N'edit', N'admin', N'2023-02-28 10:31:32', N'', NULL, N'参数设置菜单')
GO

INSERT INTO [dbo].[sys_menu] ([menu_id], [menu_name], [parent_id], [order_num], [path], [component], [query], [is_frame], [is_cache], [menu_type], [visible], [status], [perms], [icon], [create_by], [create_time], [update_by], [update_time], [remark]) VALUES (N'107', N'通知公告', N'1', N'8', N'notice', N'system/notice/index', N'', N'1', N'0', N'C', N'0', N'0', N'system:notice:list', N'message', N'admin', N'2023-02-28 10:31:32', N'', NULL, N'通知公告菜单')
GO

INSERT INTO [dbo].[sys_menu] ([menu_id], [menu_name], [parent_id], [order_num], [path], [component], [query], [is_frame], [is_cache], [menu_type], [visible], [status], [perms], [icon], [create_by], [create_time], [update_by], [update_time], [remark]) VALUES (N'108', N'日志管理', N'1', N'9', N'log', N'', N'', N'1', N'0', N'M', N'0', N'0', N'', N'log', N'admin', N'2023-02-28 10:31:32', N'', NULL, N'日志管理菜单')
GO

INSERT INTO [dbo].[sys_menu] ([menu_id], [menu_name], [parent_id], [order_num], [path], [component], [query], [is_frame], [is_cache], [menu_type], [visible], [status], [perms], [icon], [create_by], [create_time], [update_by], [update_time], [remark]) VALUES (N'109', N'在线用户', N'2', N'1', N'online', N'monitor/online/index', N'', N'1', N'0', N'C', N'0', N'0', N'monitor:online:list', N'online', N'admin', N'2023-02-28 10:31:32', N'', NULL, N'在线用户菜单')
GO

INSERT INTO [dbo].[sys_menu] ([menu_id], [menu_name], [parent_id], [order_num], [path], [component], [query], [is_frame], [is_cache], [menu_type], [visible], [status], [perms], [icon], [create_by], [create_time], [update_by], [update_time], [remark]) VALUES (N'110', N'定时任务', N'2', N'2', N'job', N'monitor/job/index', N'', N'1', N'0', N'C', N'0', N'0', N'monitor:job:list', N'job', N'admin', N'2023-02-28 10:31:32', N'', NULL, N'定时任务菜单')
GO

INSERT INTO [dbo].[sys_menu] ([menu_id], [menu_name], [parent_id], [order_num], [path], [component], [query], [is_frame], [is_cache], [menu_type], [visible], [status], [perms], [icon], [create_by], [create_time], [update_by], [update_time], [remark]) VALUES (N'111', N'数据监控', N'2', N'3', N'druid', N'monitor/druid/index', N'', N'1', N'0', N'C', N'0', N'0', N'monitor:druid:list', N'druid', N'admin', N'2023-02-28 10:31:32', N'', NULL, N'数据监控菜单')
GO

INSERT INTO [dbo].[sys_menu] ([menu_id], [menu_name], [parent_id], [order_num], [path], [component], [query], [is_frame], [is_cache], [menu_type], [visible], [status], [perms], [icon], [create_by], [create_time], [update_by], [update_time], [remark]) VALUES (N'112', N'服务监控', N'2', N'4', N'server', N'monitor/server/index', N'', N'1', N'0', N'C', N'0', N'0', N'monitor:server:list', N'server', N'admin', N'2023-02-28 10:31:32', N'', NULL, N'服务监控菜单')
GO

INSERT INTO [dbo].[sys_menu] ([menu_id], [menu_name], [parent_id], [order_num], [path], [component], [query], [is_frame], [is_cache], [menu_type], [visible], [status], [perms], [icon], [create_by], [create_time], [update_by], [update_time], [remark]) VALUES (N'113', N'缓存监控', N'2', N'5', N'cache', N'monitor/cache/index', N'', N'1', N'0', N'C', N'0', N'0', N'monitor:cache:list', N'redis', N'admin', N'2023-02-28 10:31:32', N'', NULL, N'缓存监控菜单')
GO

INSERT INTO [dbo].[sys_menu] ([menu_id], [menu_name], [parent_id], [order_num], [path], [component], [query], [is_frame], [is_cache], [menu_type], [visible], [status], [perms], [icon], [create_by], [create_time], [update_by], [update_time], [remark]) VALUES (N'114', N'缓存列表', N'2', N'6', N'cacheList', N'monitor/cache/list', N'', N'1', N'0', N'C', N'0', N'0', N'monitor:cache:list', N'redis-list', N'admin', N'2023-02-28 10:31:32', N'', NULL, N'缓存列表菜单')
GO

INSERT INTO [dbo].[sys_menu] ([menu_id], [menu_name], [parent_id], [order_num], [path], [component], [query], [is_frame], [is_cache], [menu_type], [visible], [status], [perms], [icon], [create_by], [create_time], [update_by], [update_time], [remark]) VALUES (N'115', N'表单构建', N'3', N'1', N'build', N'tool/build/index', N'', N'1', N'0', N'C', N'0', N'0', N'tool:build:list', N'build', N'admin', N'2023-02-28 10:31:32', N'', NULL, N'表单构建菜单')
GO

INSERT INTO [dbo].[sys_menu] ([menu_id], [menu_name], [parent_id], [order_num], [path], [component], [query], [is_frame], [is_cache], [menu_type], [visible], [status], [perms], [icon], [create_by], [create_time], [update_by], [update_time], [remark]) VALUES (N'116', N'代码生成', N'3', N'2', N'gen', N'tool/gen/index', N'', N'1', N'0', N'C', N'0', N'0', N'tool:gen:list', N'code', N'admin', N'2023-02-28 10:31:32', N'', NULL, N'代码生成菜单')
GO

INSERT INTO [dbo].[sys_menu] ([menu_id], [menu_name], [parent_id], [order_num], [path], [component], [query], [is_frame], [is_cache], [menu_type], [visible], [status], [perms], [icon], [create_by], [create_time], [update_by], [update_time], [remark]) VALUES (N'117', N'系统接口', N'3', N'3', N'swagger', N'tool/swagger/index', N'', N'1', N'0', N'C', N'0', N'0', N'tool:swagger:list', N'swagger', N'admin', N'2023-02-28 10:31:32', N'', NULL, N'系统接口菜单')
GO

INSERT INTO [dbo].[sys_menu] ([menu_id], [menu_name], [parent_id], [order_num], [path], [component], [query], [is_frame], [is_cache], [menu_type], [visible], [status], [perms], [icon], [create_by], [create_time], [update_by], [update_time], [remark]) VALUES (N'500', N'操作日志', N'108', N'1', N'operlog', N'monitor/operlog/index', N'', N'1', N'0', N'C', N'0', N'0', N'monitor:operlog:list', N'form', N'admin', N'2023-02-28 10:31:32', N'', NULL, N'操作日志菜单')
GO

INSERT INTO [dbo].[sys_menu] ([menu_id], [menu_name], [parent_id], [order_num], [path], [component], [query], [is_frame], [is_cache], [menu_type], [visible], [status], [perms], [icon], [create_by], [create_time], [update_by], [update_time], [remark]) VALUES (N'501', N'登录日志', N'108', N'2', N'logininfor', N'monitor/logininfor/index', N'', N'1', N'0', N'C', N'0', N'0', N'monitor:logininfor:list', N'logininfor', N'admin', N'2023-02-28 10:31:32', N'', NULL, N'登录日志菜单')
GO

INSERT INTO [dbo].[sys_menu] ([menu_id], [menu_name], [parent_id], [order_num], [path], [component], [query], [is_frame], [is_cache], [menu_type], [visible], [status], [perms], [icon], [create_by], [create_time], [update_by], [update_time], [remark]) VALUES (N'1000', N'用户查询', N'100', N'1', N'', N'', N'', N'1', N'0', N'F', N'0', N'0', N'system:user:query', N'#', N'admin', N'2023-02-28 10:31:32', N'', NULL, N'')
GO

INSERT INTO [dbo].[sys_menu] ([menu_id], [menu_name], [parent_id], [order_num], [path], [component], [query], [is_frame], [is_cache], [menu_type], [visible], [status], [perms], [icon], [create_by], [create_time], [update_by], [update_time], [remark]) VALUES (N'1001', N'用户新增', N'100', N'2', N'', N'', N'', N'1', N'0', N'F', N'0', N'0', N'system:user:add', N'#', N'admin', N'2023-02-28 10:31:32', N'', NULL, N'')
GO

INSERT INTO [dbo].[sys_menu] ([menu_id], [menu_name], [parent_id], [order_num], [path], [component], [query], [is_frame], [is_cache], [menu_type], [visible], [status], [perms], [icon], [create_by], [create_time], [update_by], [update_time], [remark]) VALUES (N'1002', N'用户修改', N'100', N'3', N'', N'', N'', N'1', N'0', N'F', N'0', N'0', N'system:user:edit', N'#', N'admin', N'2023-02-28 10:31:32', N'', NULL, N'')
GO

INSERT INTO [dbo].[sys_menu] ([menu_id], [menu_name], [parent_id], [order_num], [path], [component], [query], [is_frame], [is_cache], [menu_type], [visible], [status], [perms], [icon], [create_by], [create_time], [update_by], [update_time], [remark]) VALUES (N'1003', N'用户删除', N'100', N'4', N'', N'', N'', N'1', N'0', N'F', N'0', N'0', N'system:user:remove', N'#', N'admin', N'2023-02-28 10:31:32', N'', NULL, N'')
GO

INSERT INTO [dbo].[sys_menu] ([menu_id], [menu_name], [parent_id], [order_num], [path], [component], [query], [is_frame], [is_cache], [menu_type], [visible], [status], [perms], [icon], [create_by], [create_time], [update_by], [update_time], [remark]) VALUES (N'1004', N'用户导出', N'100', N'5', N'', N'', N'', N'1', N'0', N'F', N'0', N'0', N'system:user:export', N'#', N'admin', N'2023-02-28 10:31:32', N'', NULL, N'')
GO

INSERT INTO [dbo].[sys_menu] ([menu_id], [menu_name], [parent_id], [order_num], [path], [component], [query], [is_frame], [is_cache], [menu_type], [visible], [status], [perms], [icon], [create_by], [create_time], [update_by], [update_time], [remark]) VALUES (N'1005', N'用户导入', N'100', N'6', N'', N'', N'', N'1', N'0', N'F', N'0', N'0', N'system:user:import', N'#', N'admin', N'2023-02-28 10:31:32', N'', NULL, N'')
GO

INSERT INTO [dbo].[sys_menu] ([menu_id], [menu_name], [parent_id], [order_num], [path], [component], [query], [is_frame], [is_cache], [menu_type], [visible], [status], [perms], [icon], [create_by], [create_time], [update_by], [update_time], [remark]) VALUES (N'1006', N'重置密码', N'100', N'7', N'', N'', N'', N'1', N'0', N'F', N'0', N'0', N'system:user:resetPwd', N'#', N'admin', N'2023-02-28 10:31:32', N'', NULL, N'')
GO

INSERT INTO [dbo].[sys_menu] ([menu_id], [menu_name], [parent_id], [order_num], [path], [component], [query], [is_frame], [is_cache], [menu_type], [visible], [status], [perms], [icon], [create_by], [create_time], [update_by], [update_time], [remark]) VALUES (N'1007', N'角色查询', N'101', N'1', N'', N'', N'', N'1', N'0', N'F', N'0', N'0', N'system:role:query', N'#', N'admin', N'2023-02-28 10:31:32', N'', NULL, N'')
GO

INSERT INTO [dbo].[sys_menu] ([menu_id], [menu_name], [parent_id], [order_num], [path], [component], [query], [is_frame], [is_cache], [menu_type], [visible], [status], [perms], [icon], [create_by], [create_time], [update_by], [update_time], [remark]) VALUES (N'1008', N'角色新增', N'101', N'2', N'', N'', N'', N'1', N'0', N'F', N'0', N'0', N'system:role:add', N'#', N'admin', N'2023-02-28 10:31:32', N'', NULL, N'')
GO

INSERT INTO [dbo].[sys_menu] ([menu_id], [menu_name], [parent_id], [order_num], [path], [component], [query], [is_frame], [is_cache], [menu_type], [visible], [status], [perms], [icon], [create_by], [create_time], [update_by], [update_time], [remark]) VALUES (N'1009', N'角色修改', N'101', N'3', N'', N'', N'', N'1', N'0', N'F', N'0', N'0', N'system:role:edit', N'#', N'admin', N'2023-02-28 10:31:32', N'', NULL, N'')
GO

INSERT INTO [dbo].[sys_menu] ([menu_id], [menu_name], [parent_id], [order_num], [path], [component], [query], [is_frame], [is_cache], [menu_type], [visible], [status], [perms], [icon], [create_by], [create_time], [update_by], [update_time], [remark]) VALUES (N'1010', N'角色删除', N'101', N'4', N'', N'', N'', N'1', N'0', N'F', N'0', N'0', N'system:role:remove', N'#', N'admin', N'2023-02-28 10:31:32', N'', NULL, N'')
GO

INSERT INTO [dbo].[sys_menu] ([menu_id], [menu_name], [parent_id], [order_num], [path], [component], [query], [is_frame], [is_cache], [menu_type], [visible], [status], [perms], [icon], [create_by], [create_time], [update_by], [update_time], [remark]) VALUES (N'1011', N'角色导出', N'101', N'5', N'', N'', N'', N'1', N'0', N'F', N'0', N'0', N'system:role:export', N'#', N'admin', N'2023-02-28 10:31:32', N'', NULL, N'')
GO

INSERT INTO [dbo].[sys_menu] ([menu_id], [menu_name], [parent_id], [order_num], [path], [component], [query], [is_frame], [is_cache], [menu_type], [visible], [status], [perms], [icon], [create_by], [create_time], [update_by], [update_time], [remark]) VALUES (N'1012', N'菜单查询', N'102', N'1', N'', N'', N'', N'1', N'0', N'F', N'0', N'0', N'system:menu:query', N'#', N'admin', N'2023-02-28 10:31:32', N'', NULL, N'')
GO

INSERT INTO [dbo].[sys_menu] ([menu_id], [menu_name], [parent_id], [order_num], [path], [component], [query], [is_frame], [is_cache], [menu_type], [visible], [status], [perms], [icon], [create_by], [create_time], [update_by], [update_time], [remark]) VALUES (N'1013', N'菜单新增', N'102', N'2', N'', N'', N'', N'1', N'0', N'F', N'0', N'0', N'system:menu:add', N'#', N'admin', N'2023-02-28 10:31:32', N'', NULL, N'')
GO

INSERT INTO [dbo].[sys_menu] ([menu_id], [menu_name], [parent_id], [order_num], [path], [component], [query], [is_frame], [is_cache], [menu_type], [visible], [status], [perms], [icon], [create_by], [create_time], [update_by], [update_time], [remark]) VALUES (N'1014', N'菜单修改', N'102', N'3', N'', N'', N'', N'1', N'0', N'F', N'0', N'0', N'system:menu:edit', N'#', N'admin', N'2023-02-28 10:31:32', N'', NULL, N'')
GO

INSERT INTO [dbo].[sys_menu] ([menu_id], [menu_name], [parent_id], [order_num], [path], [component], [query], [is_frame], [is_cache], [menu_type], [visible], [status], [perms], [icon], [create_by], [create_time], [update_by], [update_time], [remark]) VALUES (N'1015', N'菜单删除', N'102', N'4', N'', N'', N'', N'1', N'0', N'F', N'0', N'0', N'system:menu:remove', N'#', N'admin', N'2023-02-28 10:31:32', N'', NULL, N'')
GO

INSERT INTO [dbo].[sys_menu] ([menu_id], [menu_name], [parent_id], [order_num], [path], [component], [query], [is_frame], [is_cache], [menu_type], [visible], [status], [perms], [icon], [create_by], [create_time], [update_by], [update_time], [remark]) VALUES (N'1016', N'部门查询', N'103', N'1', N'', N'', N'', N'1', N'0', N'F', N'0', N'0', N'system:dept:query', N'#', N'admin', N'2023-02-28 10:31:32', N'', NULL, N'')
GO

INSERT INTO [dbo].[sys_menu] ([menu_id], [menu_name], [parent_id], [order_num], [path], [component], [query], [is_frame], [is_cache], [menu_type], [visible], [status], [perms], [icon], [create_by], [create_time], [update_by], [update_time], [remark]) VALUES (N'1017', N'部门新增', N'103', N'2', N'', N'', N'', N'1', N'0', N'F', N'0', N'0', N'system:dept:add', N'#', N'admin', N'2023-02-28 10:31:32', N'', NULL, N'')
GO

INSERT INTO [dbo].[sys_menu] ([menu_id], [menu_name], [parent_id], [order_num], [path], [component], [query], [is_frame], [is_cache], [menu_type], [visible], [status], [perms], [icon], [create_by], [create_time], [update_by], [update_time], [remark]) VALUES (N'1018', N'部门修改', N'103', N'3', N'', N'', N'', N'1', N'0', N'F', N'0', N'0', N'system:dept:edit', N'#', N'admin', N'2023-02-28 10:31:32', N'', NULL, N'')
GO

INSERT INTO [dbo].[sys_menu] ([menu_id], [menu_name], [parent_id], [order_num], [path], [component], [query], [is_frame], [is_cache], [menu_type], [visible], [status], [perms], [icon], [create_by], [create_time], [update_by], [update_time], [remark]) VALUES (N'1019', N'部门删除', N'103', N'4', N'', N'', N'', N'1', N'0', N'F', N'0', N'0', N'system:dept:remove', N'#', N'admin', N'2023-02-28 10:31:32', N'', NULL, N'')
GO

INSERT INTO [dbo].[sys_menu] ([menu_id], [menu_name], [parent_id], [order_num], [path], [component], [query], [is_frame], [is_cache], [menu_type], [visible], [status], [perms], [icon], [create_by], [create_time], [update_by], [update_time], [remark]) VALUES (N'1020', N'岗位查询', N'104', N'1', N'', N'', N'', N'1', N'0', N'F', N'0', N'0', N'system:post:query', N'#', N'admin', N'2023-02-28 10:31:32', N'', NULL, N'')
GO

INSERT INTO [dbo].[sys_menu] ([menu_id], [menu_name], [parent_id], [order_num], [path], [component], [query], [is_frame], [is_cache], [menu_type], [visible], [status], [perms], [icon], [create_by], [create_time], [update_by], [update_time], [remark]) VALUES (N'1021', N'岗位新增', N'104', N'2', N'', N'', N'', N'1', N'0', N'F', N'0', N'0', N'system:post:add', N'#', N'admin', N'2023-02-28 10:31:32', N'', NULL, N'')
GO

INSERT INTO [dbo].[sys_menu] ([menu_id], [menu_name], [parent_id], [order_num], [path], [component], [query], [is_frame], [is_cache], [menu_type], [visible], [status], [perms], [icon], [create_by], [create_time], [update_by], [update_time], [remark]) VALUES (N'1022', N'岗位修改', N'104', N'3', N'', N'', N'', N'1', N'0', N'F', N'0', N'0', N'system:post:edit', N'#', N'admin', N'2023-02-28 10:31:32', N'', NULL, N'')
GO

INSERT INTO [dbo].[sys_menu] ([menu_id], [menu_name], [parent_id], [order_num], [path], [component], [query], [is_frame], [is_cache], [menu_type], [visible], [status], [perms], [icon], [create_by], [create_time], [update_by], [update_time], [remark]) VALUES (N'1023', N'岗位删除', N'104', N'4', N'', N'', N'', N'1', N'0', N'F', N'0', N'0', N'system:post:remove', N'#', N'admin', N'2023-02-28 10:31:32', N'', NULL, N'')
GO

INSERT INTO [dbo].[sys_menu] ([menu_id], [menu_name], [parent_id], [order_num], [path], [component], [query], [is_frame], [is_cache], [menu_type], [visible], [status], [perms], [icon], [create_by], [create_time], [update_by], [update_time], [remark]) VALUES (N'1024', N'岗位导出', N'104', N'5', N'', N'', N'', N'1', N'0', N'F', N'0', N'0', N'system:post:export', N'#', N'admin', N'2023-02-28 10:31:32', N'', NULL, N'')
GO

INSERT INTO [dbo].[sys_menu] ([menu_id], [menu_name], [parent_id], [order_num], [path], [component], [query], [is_frame], [is_cache], [menu_type], [visible], [status], [perms], [icon], [create_by], [create_time], [update_by], [update_time], [remark]) VALUES (N'1025', N'字典查询', N'105', N'1', N'#', N'', N'', N'1', N'0', N'F', N'0', N'0', N'system:dict:query', N'#', N'admin', N'2023-02-28 10:31:32', N'', NULL, N'')
GO

INSERT INTO [dbo].[sys_menu] ([menu_id], [menu_name], [parent_id], [order_num], [path], [component], [query], [is_frame], [is_cache], [menu_type], [visible], [status], [perms], [icon], [create_by], [create_time], [update_by], [update_time], [remark]) VALUES (N'1026', N'字典新增', N'105', N'2', N'#', N'', N'', N'1', N'0', N'F', N'0', N'0', N'system:dict:add', N'#', N'admin', N'2023-02-28 10:31:32', N'', NULL, N'')
GO

INSERT INTO [dbo].[sys_menu] ([menu_id], [menu_name], [parent_id], [order_num], [path], [component], [query], [is_frame], [is_cache], [menu_type], [visible], [status], [perms], [icon], [create_by], [create_time], [update_by], [update_time], [remark]) VALUES (N'1027', N'字典修改', N'105', N'3', N'#', N'', N'', N'1', N'0', N'F', N'0', N'0', N'system:dict:edit', N'#', N'admin', N'2023-02-28 10:31:32', N'', NULL, N'')
GO

INSERT INTO [dbo].[sys_menu] ([menu_id], [menu_name], [parent_id], [order_num], [path], [component], [query], [is_frame], [is_cache], [menu_type], [visible], [status], [perms], [icon], [create_by], [create_time], [update_by], [update_time], [remark]) VALUES (N'1028', N'字典删除', N'105', N'4', N'#', N'', N'', N'1', N'0', N'F', N'0', N'0', N'system:dict:remove', N'#', N'admin', N'2023-02-28 10:31:32', N'', NULL, N'')
GO

INSERT INTO [dbo].[sys_menu] ([menu_id], [menu_name], [parent_id], [order_num], [path], [component], [query], [is_frame], [is_cache], [menu_type], [visible], [status], [perms], [icon], [create_by], [create_time], [update_by], [update_time], [remark]) VALUES (N'1029', N'字典导出', N'105', N'5', N'#', N'', N'', N'1', N'0', N'F', N'0', N'0', N'system:dict:export', N'#', N'admin', N'2023-02-28 10:31:32', N'', NULL, N'')
GO

INSERT INTO [dbo].[sys_menu] ([menu_id], [menu_name], [parent_id], [order_num], [path], [component], [query], [is_frame], [is_cache], [menu_type], [visible], [status], [perms], [icon], [create_by], [create_time], [update_by], [update_time], [remark]) VALUES (N'1030', N'参数查询', N'106', N'1', N'#', N'', N'', N'1', N'0', N'F', N'0', N'0', N'system:config:query', N'#', N'admin', N'2023-02-28 10:31:32', N'', NULL, N'')
GO

INSERT INTO [dbo].[sys_menu] ([menu_id], [menu_name], [parent_id], [order_num], [path], [component], [query], [is_frame], [is_cache], [menu_type], [visible], [status], [perms], [icon], [create_by], [create_time], [update_by], [update_time], [remark]) VALUES (N'1031', N'参数新增', N'106', N'2', N'#', N'', N'', N'1', N'0', N'F', N'0', N'0', N'system:config:add', N'#', N'admin', N'2023-02-28 10:31:32', N'', NULL, N'')
GO

INSERT INTO [dbo].[sys_menu] ([menu_id], [menu_name], [parent_id], [order_num], [path], [component], [query], [is_frame], [is_cache], [menu_type], [visible], [status], [perms], [icon], [create_by], [create_time], [update_by], [update_time], [remark]) VALUES (N'1032', N'参数修改', N'106', N'3', N'#', N'', N'', N'1', N'0', N'F', N'0', N'0', N'system:config:edit', N'#', N'admin', N'2023-02-28 10:31:32', N'', NULL, N'')
GO

INSERT INTO [dbo].[sys_menu] ([menu_id], [menu_name], [parent_id], [order_num], [path], [component], [query], [is_frame], [is_cache], [menu_type], [visible], [status], [perms], [icon], [create_by], [create_time], [update_by], [update_time], [remark]) VALUES (N'1033', N'参数删除', N'106', N'4', N'#', N'', N'', N'1', N'0', N'F', N'0', N'0', N'system:config:remove', N'#', N'admin', N'2023-02-28 10:31:32', N'', NULL, N'')
GO

INSERT INTO [dbo].[sys_menu] ([menu_id], [menu_name], [parent_id], [order_num], [path], [component], [query], [is_frame], [is_cache], [menu_type], [visible], [status], [perms], [icon], [create_by], [create_time], [update_by], [update_time], [remark]) VALUES (N'1034', N'参数导出', N'106', N'5', N'#', N'', N'', N'1', N'0', N'F', N'0', N'0', N'system:config:export', N'#', N'admin', N'2023-02-28 10:31:32', N'', NULL, N'')
GO

INSERT INTO [dbo].[sys_menu] ([menu_id], [menu_name], [parent_id], [order_num], [path], [component], [query], [is_frame], [is_cache], [menu_type], [visible], [status], [perms], [icon], [create_by], [create_time], [update_by], [update_time], [remark]) VALUES (N'1035', N'公告查询', N'107', N'1', N'#', N'', N'', N'1', N'0', N'F', N'0', N'0', N'system:notice:query', N'#', N'admin', N'2023-02-28 10:31:32', N'', NULL, N'')
GO

INSERT INTO [dbo].[sys_menu] ([menu_id], [menu_name], [parent_id], [order_num], [path], [component], [query], [is_frame], [is_cache], [menu_type], [visible], [status], [perms], [icon], [create_by], [create_time], [update_by], [update_time], [remark]) VALUES (N'1036', N'公告新增', N'107', N'2', N'#', N'', N'', N'1', N'0', N'F', N'0', N'0', N'system:notice:add', N'#', N'admin', N'2023-02-28 10:31:32', N'', NULL, N'')
GO

INSERT INTO [dbo].[sys_menu] ([menu_id], [menu_name], [parent_id], [order_num], [path], [component], [query], [is_frame], [is_cache], [menu_type], [visible], [status], [perms], [icon], [create_by], [create_time], [update_by], [update_time], [remark]) VALUES (N'1037', N'公告修改', N'107', N'3', N'#', N'', N'', N'1', N'0', N'F', N'0', N'0', N'system:notice:edit', N'#', N'admin', N'2023-02-28 10:31:32', N'', NULL, N'')
GO

INSERT INTO [dbo].[sys_menu] ([menu_id], [menu_name], [parent_id], [order_num], [path], [component], [query], [is_frame], [is_cache], [menu_type], [visible], [status], [perms], [icon], [create_by], [create_time], [update_by], [update_time], [remark]) VALUES (N'1038', N'公告删除', N'107', N'4', N'#', N'', N'', N'1', N'0', N'F', N'0', N'0', N'system:notice:remove', N'#', N'admin', N'2023-02-28 10:31:32', N'', NULL, N'')
GO

INSERT INTO [dbo].[sys_menu] ([menu_id], [menu_name], [parent_id], [order_num], [path], [component], [query], [is_frame], [is_cache], [menu_type], [visible], [status], [perms], [icon], [create_by], [create_time], [update_by], [update_time], [remark]) VALUES (N'1039', N'操作查询', N'500', N'1', N'#', N'', N'', N'1', N'0', N'F', N'0', N'0', N'monitor:operlog:query', N'#', N'admin', N'2023-02-28 10:31:32', N'', NULL, N'')
GO

INSERT INTO [dbo].[sys_menu] ([menu_id], [menu_name], [parent_id], [order_num], [path], [component], [query], [is_frame], [is_cache], [menu_type], [visible], [status], [perms], [icon], [create_by], [create_time], [update_by], [update_time], [remark]) VALUES (N'1040', N'操作删除', N'500', N'2', N'#', N'', N'', N'1', N'0', N'F', N'0', N'0', N'monitor:operlog:remove', N'#', N'admin', N'2023-02-28 10:31:32', N'', NULL, N'')
GO

INSERT INTO [dbo].[sys_menu] ([menu_id], [menu_name], [parent_id], [order_num], [path], [component], [query], [is_frame], [is_cache], [menu_type], [visible], [status], [perms], [icon], [create_by], [create_time], [update_by], [update_time], [remark]) VALUES (N'1041', N'日志导出', N'500', N'3', N'#', N'', N'', N'1', N'0', N'F', N'0', N'0', N'monitor:operlog:export', N'#', N'admin', N'2023-02-28 10:31:32', N'', NULL, N'')
GO

INSERT INTO [dbo].[sys_menu] ([menu_id], [menu_name], [parent_id], [order_num], [path], [component], [query], [is_frame], [is_cache], [menu_type], [visible], [status], [perms], [icon], [create_by], [create_time], [update_by], [update_time], [remark]) VALUES (N'1042', N'登录查询', N'501', N'1', N'#', N'', N'', N'1', N'0', N'F', N'0', N'0', N'monitor:logininfor:query', N'#', N'admin', N'2023-02-28 10:31:32', N'', NULL, N'')
GO

INSERT INTO [dbo].[sys_menu] ([menu_id], [menu_name], [parent_id], [order_num], [path], [component], [query], [is_frame], [is_cache], [menu_type], [visible], [status], [perms], [icon], [create_by], [create_time], [update_by], [update_time], [remark]) VALUES (N'1043', N'登录删除', N'501', N'2', N'#', N'', N'', N'1', N'0', N'F', N'0', N'0', N'monitor:logininfor:remove', N'#', N'admin', N'2023-02-28 10:31:32', N'', NULL, N'')
GO

INSERT INTO [dbo].[sys_menu] ([menu_id], [menu_name], [parent_id], [order_num], [path], [component], [query], [is_frame], [is_cache], [menu_type], [visible], [status], [perms], [icon], [create_by], [create_time], [update_by], [update_time], [remark]) VALUES (N'1044', N'日志导出', N'501', N'3', N'#', N'', N'', N'1', N'0', N'F', N'0', N'0', N'monitor:logininfor:export', N'#', N'admin', N'2023-02-28 10:31:32', N'', NULL, N'')
GO

INSERT INTO [dbo].[sys_menu] ([menu_id], [menu_name], [parent_id], [order_num], [path], [component], [query], [is_frame], [is_cache], [menu_type], [visible], [status], [perms], [icon], [create_by], [create_time], [update_by], [update_time], [remark]) VALUES (N'1045', N'账户解锁', N'501', N'4', N'#', N'', N'', N'1', N'0', N'F', N'0', N'0', N'monitor:logininfor:unlock', N'#', N'admin', N'2023-02-28 10:31:32', N'', NULL, N'')
GO

INSERT INTO [dbo].[sys_menu] ([menu_id], [menu_name], [parent_id], [order_num], [path], [component], [query], [is_frame], [is_cache], [menu_type], [visible], [status], [perms], [icon], [create_by], [create_time], [update_by], [update_time], [remark]) VALUES (N'1046', N'在线查询', N'109', N'1', N'#', N'', N'', N'1', N'0', N'F', N'0', N'0', N'monitor:online:query', N'#', N'admin', N'2023-02-28 10:31:32', N'', NULL, N'')
GO

INSERT INTO [dbo].[sys_menu] ([menu_id], [menu_name], [parent_id], [order_num], [path], [component], [query], [is_frame], [is_cache], [menu_type], [visible], [status], [perms], [icon], [create_by], [create_time], [update_by], [update_time], [remark]) VALUES (N'1047', N'批量强退', N'109', N'2', N'#', N'', N'', N'1', N'0', N'F', N'0', N'0', N'monitor:online:batchLogout', N'#', N'admin', N'2023-02-28 10:31:32', N'', NULL, N'')
GO

INSERT INTO [dbo].[sys_menu] ([menu_id], [menu_name], [parent_id], [order_num], [path], [component], [query], [is_frame], [is_cache], [menu_type], [visible], [status], [perms], [icon], [create_by], [create_time], [update_by], [update_time], [remark]) VALUES (N'1048', N'单条强退', N'109', N'3', N'#', N'', N'', N'1', N'0', N'F', N'0', N'0', N'monitor:online:forceLogout', N'#', N'admin', N'2023-02-28 10:31:32', N'', NULL, N'')
GO

INSERT INTO [dbo].[sys_menu] ([menu_id], [menu_name], [parent_id], [order_num], [path], [component], [query], [is_frame], [is_cache], [menu_type], [visible], [status], [perms], [icon], [create_by], [create_time], [update_by], [update_time], [remark]) VALUES (N'1049', N'任务查询', N'110', N'1', N'#', N'', N'', N'1', N'0', N'F', N'0', N'0', N'monitor:job:query', N'#', N'admin', N'2023-02-28 10:31:32', N'', NULL, N'')
GO

INSERT INTO [dbo].[sys_menu] ([menu_id], [menu_name], [parent_id], [order_num], [path], [component], [query], [is_frame], [is_cache], [menu_type], [visible], [status], [perms], [icon], [create_by], [create_time], [update_by], [update_time], [remark]) VALUES (N'1050', N'任务新增', N'110', N'2', N'#', N'', N'', N'1', N'0', N'F', N'0', N'0', N'monitor:job:add', N'#', N'admin', N'2023-02-28 10:31:32', N'', NULL, N'')
GO

INSERT INTO [dbo].[sys_menu] ([menu_id], [menu_name], [parent_id], [order_num], [path], [component], [query], [is_frame], [is_cache], [menu_type], [visible], [status], [perms], [icon], [create_by], [create_time], [update_by], [update_time], [remark]) VALUES (N'1051', N'任务修改', N'110', N'3', N'#', N'', N'', N'1', N'0', N'F', N'0', N'0', N'monitor:job:edit', N'#', N'admin', N'2023-02-28 10:31:32', N'', NULL, N'')
GO

INSERT INTO [dbo].[sys_menu] ([menu_id], [menu_name], [parent_id], [order_num], [path], [component], [query], [is_frame], [is_cache], [menu_type], [visible], [status], [perms], [icon], [create_by], [create_time], [update_by], [update_time], [remark]) VALUES (N'1052', N'任务删除', N'110', N'4', N'#', N'', N'', N'1', N'0', N'F', N'0', N'0', N'monitor:job:remove', N'#', N'admin', N'2023-02-28 10:31:32', N'', NULL, N'')
GO

INSERT INTO [dbo].[sys_menu] ([menu_id], [menu_name], [parent_id], [order_num], [path], [component], [query], [is_frame], [is_cache], [menu_type], [visible], [status], [perms], [icon], [create_by], [create_time], [update_by], [update_time], [remark]) VALUES (N'1053', N'状态修改', N'110', N'5', N'#', N'', N'', N'1', N'0', N'F', N'0', N'0', N'monitor:job:changeStatus', N'#', N'admin', N'2023-02-28 10:31:32', N'', NULL, N'')
GO

INSERT INTO [dbo].[sys_menu] ([menu_id], [menu_name], [parent_id], [order_num], [path], [component], [query], [is_frame], [is_cache], [menu_type], [visible], [status], [perms], [icon], [create_by], [create_time], [update_by], [update_time], [remark]) VALUES (N'1054', N'任务导出', N'110', N'6', N'#', N'', N'', N'1', N'0', N'F', N'0', N'0', N'monitor:job:export', N'#', N'admin', N'2023-02-28 10:31:32', N'', NULL, N'')
GO

INSERT INTO [dbo].[sys_menu] ([menu_id], [menu_name], [parent_id], [order_num], [path], [component], [query], [is_frame], [is_cache], [menu_type], [visible], [status], [perms], [icon], [create_by], [create_time], [update_by], [update_time], [remark]) VALUES (N'1055', N'生成查询', N'116', N'1', N'#', N'', N'', N'1', N'0', N'F', N'0', N'0', N'tool:gen:query', N'#', N'admin', N'2023-02-28 10:31:32', N'', NULL, N'')
GO

INSERT INTO [dbo].[sys_menu] ([menu_id], [menu_name], [parent_id], [order_num], [path], [component], [query], [is_frame], [is_cache], [menu_type], [visible], [status], [perms], [icon], [create_by], [create_time], [update_by], [update_time], [remark]) VALUES (N'1056', N'生成修改', N'116', N'2', N'#', N'', N'', N'1', N'0', N'F', N'0', N'0', N'tool:gen:edit', N'#', N'admin', N'2023-02-28 10:31:32', N'', NULL, N'')
GO

INSERT INTO [dbo].[sys_menu] ([menu_id], [menu_name], [parent_id], [order_num], [path], [component], [query], [is_frame], [is_cache], [menu_type], [visible], [status], [perms], [icon], [create_by], [create_time], [update_by], [update_time], [remark]) VALUES (N'1057', N'生成删除', N'116', N'3', N'#', N'', N'', N'1', N'0', N'F', N'0', N'0', N'tool:gen:remove', N'#', N'admin', N'2023-02-28 10:31:32', N'', NULL, N'')
GO

INSERT INTO [dbo].[sys_menu] ([menu_id], [menu_name], [parent_id], [order_num], [path], [component], [query], [is_frame], [is_cache], [menu_type], [visible], [status], [perms], [icon], [create_by], [create_time], [update_by], [update_time], [remark]) VALUES (N'1058', N'导入代码', N'116', N'4', N'#', N'', N'', N'1', N'0', N'F', N'0', N'0', N'tool:gen:import', N'#', N'admin', N'2023-02-28 10:31:32', N'', NULL, N'')
GO

INSERT INTO [dbo].[sys_menu] ([menu_id], [menu_name], [parent_id], [order_num], [path], [component], [query], [is_frame], [is_cache], [menu_type], [visible], [status], [perms], [icon], [create_by], [create_time], [update_by], [update_time], [remark]) VALUES (N'1059', N'预览代码', N'116', N'5', N'#', N'', N'', N'1', N'0', N'F', N'0', N'0', N'tool:gen:preview', N'#', N'admin', N'2023-02-28 10:31:32', N'', NULL, N'')
GO

INSERT INTO [dbo].[sys_menu] ([menu_id], [menu_name], [parent_id], [order_num], [path], [component], [query], [is_frame], [is_cache], [menu_type], [visible], [status], [perms], [icon], [create_by], [create_time], [update_by], [update_time], [remark]) VALUES (N'1060', N'生成代码', N'116', N'6', N'#', N'', N'', N'1', N'0', N'F', N'0', N'0', N'tool:gen:code', N'#', N'admin', N'2023-02-28 10:31:32', N'', NULL, N'')
GO

INSERT INTO [dbo].[sys_menu] ([menu_id], [menu_name], [parent_id], [order_num], [path], [component], [query], [is_frame], [is_cache], [menu_type], [visible], [status], [perms], [icon], [create_by], [create_time], [update_by], [update_time], [remark]) VALUES (N'2000', N'测试', N'1', N'1', N'system', N'system/system/index', NULL, N'1', N'0', N'C', N'0', N'0', N'system:system:list', N'#', N'admin', N'2023-02-28 15:55:03', N'', NULL, N'测试菜单')
GO

INSERT INTO [dbo].[sys_menu] ([menu_id], [menu_name], [parent_id], [order_num], [path], [component], [query], [is_frame], [is_cache], [menu_type], [visible], [status], [perms], [icon], [create_by], [create_time], [update_by], [update_time], [remark]) VALUES (N'2001', N'测试查询', N'2000', N'1', N'#', N'', NULL, N'1', N'0', N'F', N'0', N'0', N'system:system:query', N'#', N'admin', N'2023-02-28 15:55:03', N'', NULL, N'')
GO

INSERT INTO [dbo].[sys_menu] ([menu_id], [menu_name], [parent_id], [order_num], [path], [component], [query], [is_frame], [is_cache], [menu_type], [visible], [status], [perms], [icon], [create_by], [create_time], [update_by], [update_time], [remark]) VALUES (N'2002', N'测试新增', N'2000', N'2', N'#', N'', NULL, N'1', N'0', N'F', N'0', N'0', N'system:system:add', N'#', N'admin', N'2023-02-28 15:55:03', N'', NULL, N'')
GO

INSERT INTO [dbo].[sys_menu] ([menu_id], [menu_name], [parent_id], [order_num], [path], [component], [query], [is_frame], [is_cache], [menu_type], [visible], [status], [perms], [icon], [create_by], [create_time], [update_by], [update_time], [remark]) VALUES (N'2003', N'测试修改', N'2000', N'3', N'#', N'', NULL, N'1', N'0', N'F', N'0', N'0', N'system:system:edit', N'#', N'admin', N'2023-02-28 15:55:03', N'', NULL, N'')
GO

INSERT INTO [dbo].[sys_menu] ([menu_id], [menu_name], [parent_id], [order_num], [path], [component], [query], [is_frame], [is_cache], [menu_type], [visible], [status], [perms], [icon], [create_by], [create_time], [update_by], [update_time], [remark]) VALUES (N'2004', N'测试删除', N'2000', N'4', N'#', N'', NULL, N'1', N'0', N'F', N'0', N'0', N'system:system:remove', N'#', N'admin', N'2023-02-28 15:55:03', N'', NULL, N'')
GO

INSERT INTO [dbo].[sys_menu] ([menu_id], [menu_name], [parent_id], [order_num], [path], [component], [query], [is_frame], [is_cache], [menu_type], [visible], [status], [perms], [icon], [create_by], [create_time], [update_by], [update_time], [remark]) VALUES (N'2005', N'测试导出', N'2000', N'5', N'#', N'', NULL, N'1', N'0', N'F', N'0', N'0', N'system:system:export', N'#', N'admin', N'2023-02-28 15:55:03', N'', NULL, N'')
GO

SET IDENTITY_INSERT [dbo].[sys_menu] OFF
GO


-- ----------------------------
-- Table structure for sys_notice
-- ----------------------------
IF EXISTS (SELECT * FROM sys.all_objects WHERE object_id = OBJECT_ID(N'[dbo].[sys_notice]') AND type IN ('U'))
	DROP TABLE [dbo].[sys_notice]
GO

CREATE TABLE [dbo].[sys_notice] (
  [notice_id] int  IDENTITY(1,1) NOT NULL,
  [notice_title] nvarchar(50) COLLATE Chinese_PRC_CI_AS  NOT NULL,
  [notice_type] nchar(1) COLLATE Chinese_PRC_CI_AS  NOT NULL,
  [notice_content] varbinary(max)  NULL,
  [status] nchar(1) COLLATE Chinese_PRC_CI_AS  NULL,
  [create_by] nvarchar(64) COLLATE Chinese_PRC_CI_AS  NULL,
  [create_time] datetime2(0)  NULL,
  [update_by] nvarchar(64) COLLATE Chinese_PRC_CI_AS  NULL,
  [update_time] datetime2(0)  NULL,
  [remark] nvarchar(255) COLLATE Chinese_PRC_CI_AS  NULL
)
GO

ALTER TABLE [dbo].[sys_notice] SET (LOCK_ESCALATION = TABLE)
GO

EXEC sp_addextendedproperty
'MS_Description', N'公告ID',
'SCHEMA', N'dbo',
'TABLE', N'sys_notice',
'COLUMN', N'notice_id'
GO

EXEC sp_addextendedproperty
'MS_Description', N'公告标题',
'SCHEMA', N'dbo',
'TABLE', N'sys_notice',
'COLUMN', N'notice_title'
GO

EXEC sp_addextendedproperty
'MS_Description', N'公告类型（1通知 2公告）',
'SCHEMA', N'dbo',
'TABLE', N'sys_notice',
'COLUMN', N'notice_type'
GO

EXEC sp_addextendedproperty
'MS_Description', N'公告内容',
'SCHEMA', N'dbo',
'TABLE', N'sys_notice',
'COLUMN', N'notice_content'
GO

EXEC sp_addextendedproperty
'MS_Description', N'公告状态（0正常 1关闭）',
'SCHEMA', N'dbo',
'TABLE', N'sys_notice',
'COLUMN', N'status'
GO

EXEC sp_addextendedproperty
'MS_Description', N'创建者',
'SCHEMA', N'dbo',
'TABLE', N'sys_notice',
'COLUMN', N'create_by'
GO

EXEC sp_addextendedproperty
'MS_Description', N'创建时间',
'SCHEMA', N'dbo',
'TABLE', N'sys_notice',
'COLUMN', N'create_time'
GO

EXEC sp_addextendedproperty
'MS_Description', N'更新者',
'SCHEMA', N'dbo',
'TABLE', N'sys_notice',
'COLUMN', N'update_by'
GO

EXEC sp_addextendedproperty
'MS_Description', N'更新时间',
'SCHEMA', N'dbo',
'TABLE', N'sys_notice',
'COLUMN', N'update_time'
GO

EXEC sp_addextendedproperty
'MS_Description', N'备注',
'SCHEMA', N'dbo',
'TABLE', N'sys_notice',
'COLUMN', N'remark'
GO

EXEC sp_addextendedproperty
'MS_Description', N'通知公告表',
'SCHEMA', N'dbo',
'TABLE', N'sys_notice'
GO


-- ----------------------------
-- Records of sys_notice
-- ----------------------------
SET IDENTITY_INSERT [dbo].[sys_notice] ON
GO

INSERT INTO [dbo].[sys_notice] ([notice_id], [notice_title], [notice_type], [notice_content], [status], [create_by], [create_time], [update_by], [update_time], [remark]) VALUES (N'1', N'温馨提醒：2018-07-01 若依新版本发布啦', N'2', 0xE696B0E78988E69CACE58685E5AEB9, N'0', N'admin', N'2023-02-28 10:31:36', N'', NULL, N'管理员')
GO

INSERT INTO [dbo].[sys_notice] ([notice_id], [notice_title], [notice_type], [notice_content], [status], [create_by], [create_time], [update_by], [update_time], [remark]) VALUES (N'2', N'维护通知：2018-07-01 若依系统凌晨维护', N'1', 0xE7BBB4E68AA4E58685E5AEB9, N'0', N'admin', N'2023-02-28 10:31:36', N'', NULL, N'管理员')
GO

SET IDENTITY_INSERT [dbo].[sys_notice] OFF
GO


-- ----------------------------
-- Table structure for sys_oper_log
-- ----------------------------
IF EXISTS (SELECT * FROM sys.all_objects WHERE object_id = OBJECT_ID(N'[dbo].[sys_oper_log]') AND type IN ('U'))
	DROP TABLE [dbo].[sys_oper_log]
GO

CREATE TABLE [dbo].[sys_oper_log] (
  [oper_id] bigint  IDENTITY(1,1) NOT NULL,
  [title] nvarchar(50) COLLATE Chinese_PRC_CI_AS  NULL,
  [business_type] int  NULL,
  [method] nvarchar(100) COLLATE Chinese_PRC_CI_AS  NULL,
  [request_method] nvarchar(10) COLLATE Chinese_PRC_CI_AS  NULL,
  [operator_type] int  NULL,
  [oper_name] nvarchar(50) COLLATE Chinese_PRC_CI_AS  NULL,
  [dept_name] nvarchar(50) COLLATE Chinese_PRC_CI_AS  NULL,
  [oper_url] nvarchar(255) COLLATE Chinese_PRC_CI_AS  NULL,
  [oper_ip] nvarchar(128) COLLATE Chinese_PRC_CI_AS  NULL,
  [oper_location] nvarchar(255) COLLATE Chinese_PRC_CI_AS  NULL,
  [oper_param] nvarchar(2000) COLLATE Chinese_PRC_CI_AS  NULL,
  [json_result] nvarchar(2000) COLLATE Chinese_PRC_CI_AS  NULL,
  [status] int  NULL,
  [error_msg] nvarchar(2000) COLLATE Chinese_PRC_CI_AS  NULL,
  [oper_time] datetime2(0)  NULL,
  [cost_time] bigint  NULL
)
GO

ALTER TABLE [dbo].[sys_oper_log] SET (LOCK_ESCALATION = TABLE)
GO

EXEC sp_addextendedproperty
'MS_Description', N'日志主键',
'SCHEMA', N'dbo',
'TABLE', N'sys_oper_log',
'COLUMN', N'oper_id'
GO

EXEC sp_addextendedproperty
'MS_Description', N'模块标题',
'SCHEMA', N'dbo',
'TABLE', N'sys_oper_log',
'COLUMN', N'title'
GO

EXEC sp_addextendedproperty
'MS_Description', N'业务类型（0其它 1新增 2修改 3删除）',
'SCHEMA', N'dbo',
'TABLE', N'sys_oper_log',
'COLUMN', N'business_type'
GO

EXEC sp_addextendedproperty
'MS_Description', N'方法名称',
'SCHEMA', N'dbo',
'TABLE', N'sys_oper_log',
'COLUMN', N'method'
GO

EXEC sp_addextendedproperty
'MS_Description', N'请求方式',
'SCHEMA', N'dbo',
'TABLE', N'sys_oper_log',
'COLUMN', N'request_method'
GO

EXEC sp_addextendedproperty
'MS_Description', N'操作类别（0其它 1后台用户 2手机端用户）',
'SCHEMA', N'dbo',
'TABLE', N'sys_oper_log',
'COLUMN', N'operator_type'
GO

EXEC sp_addextendedproperty
'MS_Description', N'操作人员',
'SCHEMA', N'dbo',
'TABLE', N'sys_oper_log',
'COLUMN', N'oper_name'
GO

EXEC sp_addextendedproperty
'MS_Description', N'部门名称',
'SCHEMA', N'dbo',
'TABLE', N'sys_oper_log',
'COLUMN', N'dept_name'
GO

EXEC sp_addextendedproperty
'MS_Description', N'请求URL',
'SCHEMA', N'dbo',
'TABLE', N'sys_oper_log',
'COLUMN', N'oper_url'
GO

EXEC sp_addextendedproperty
'MS_Description', N'主机地址',
'SCHEMA', N'dbo',
'TABLE', N'sys_oper_log',
'COLUMN', N'oper_ip'
GO

EXEC sp_addextendedproperty
'MS_Description', N'操作地点',
'SCHEMA', N'dbo',
'TABLE', N'sys_oper_log',
'COLUMN', N'oper_location'
GO

EXEC sp_addextendedproperty
'MS_Description', N'请求参数',
'SCHEMA', N'dbo',
'TABLE', N'sys_oper_log',
'COLUMN', N'oper_param'
GO

EXEC sp_addextendedproperty
'MS_Description', N'返回参数',
'SCHEMA', N'dbo',
'TABLE', N'sys_oper_log',
'COLUMN', N'json_result'
GO

EXEC sp_addextendedproperty
'MS_Description', N'操作状态（0正常 1异常）',
'SCHEMA', N'dbo',
'TABLE', N'sys_oper_log',
'COLUMN', N'status'
GO

EXEC sp_addextendedproperty
'MS_Description', N'错误消息',
'SCHEMA', N'dbo',
'TABLE', N'sys_oper_log',
'COLUMN', N'error_msg'
GO

EXEC sp_addextendedproperty
'MS_Description', N'操作时间',
'SCHEMA', N'dbo',
'TABLE', N'sys_oper_log',
'COLUMN', N'oper_time'
GO

EXEC sp_addextendedproperty
'MS_Description', N'消耗时间',
'SCHEMA', N'dbo',
'TABLE', N'sys_oper_log',
'COLUMN', N'cost_time'
GO

EXEC sp_addextendedproperty
'MS_Description', N'操作日志记录',
'SCHEMA', N'dbo',
'TABLE', N'sys_oper_log'
GO


-- ----------------------------
-- Records of sys_oper_log
-- ----------------------------
SET IDENTITY_INSERT [dbo].[sys_oper_log] ON
GO

INSERT INTO [dbo].[sys_oper_log] ([oper_id], [title], [business_type], [method], [request_method], [operator_type], [oper_name], [dept_name], [oper_url], [oper_ip], [oper_location], [oper_param], [json_result], [status], [error_msg], [oper_time], [cost_time]) VALUES (N'100', N'用户管理', N'2', N'com.ruoyi.web.controller.system.SysUserController.edit()', N'PUT', N'1', N'admin', NULL, N'/system/user', N'127.0.0.1', N'内网IP', N'{"admin":false,"avatar":"","createBy":"admin","createTime":"2023-02-28 10:31:31","delFlag":"0","dept":{"ancestors":"0,100,101","children":[],"deptId":105,"deptName":"测试部门","leader":"若依","orderNum":3,"params":{},"parentId":101,"status":"0"},"deptId":105,"email":"ry@qq.com","loginDate":"2023-02-28 10:31:31","loginIp":"127.0.0.1","nickName":"若依","params":{},"phonenumber":"15666666666","postIds":[2],"remark":"测试员","roleIds":[2],"roles":[{"admin":false,"dataScope":"2","deptCheckStrictly":false,"flag":false,"menuCheckStrictly":false,"params":{},"roleId":2,"roleKey":"common","roleName":"普通角色","roleSort":2,"status":"0"}],"sex":"1","status":"0","updateBy":"admin","userId":2,"userName":"ry"}', N'{"msg":"操作成功","code":200}', N'0', NULL, N'2023-02-28 14:30:25', N'135')
GO

INSERT INTO [dbo].[sys_oper_log] ([oper_id], [title], [business_type], [method], [request_method], [operator_type], [oper_name], [dept_name], [oper_url], [oper_ip], [oper_location], [oper_param], [json_result], [status], [error_msg], [oper_time], [cost_time]) VALUES (N'101', N'用户管理', N'2', N'com.ruoyi.web.controller.system.SysUserController.edit()', N'PUT', N'1', N'admin', NULL, N'/system/user', N'127.0.0.1', N'内网IP', N'{"admin":false,"avatar":"","createBy":"admin","createTime":"2023-02-28 10:31:31","delFlag":"0","dept":{"ancestors":"0,100,101","children":[],"deptId":105,"deptName":"测试部门","leader":"若依","orderNum":3,"params":{},"parentId":101,"status":"0"},"deptId":105,"email":"ry@qq.com","loginDate":"2023-02-28 10:31:31","loginIp":"127.0.0.1","nickName":"若依","params":{},"phonenumber":"15666666666","postIds":[2],"remark":"测试员2","roleIds":[2],"roles":[{"admin":false,"dataScope":"2","deptCheckStrictly":false,"flag":false,"menuCheckStrictly":false,"params":{},"roleId":2,"roleKey":"common","roleName":"普通角色","roleSort":2,"status":"0"}],"sex":"1","status":"0","updateBy":"admin","userId":2,"userName":"ry"}', N'{"msg":"操作成功","code":200}', N'0', NULL, N'2023-02-28 14:30:28', N'150')
GO

INSERT INTO [dbo].[sys_oper_log] ([oper_id], [title], [business_type], [method], [request_method], [operator_type], [oper_name], [dept_name], [oper_url], [oper_ip], [oper_location], [oper_param], [json_result], [status], [error_msg], [oper_time], [cost_time]) VALUES (N'102', N'用户管理', N'2', N'com.ruoyi.web.controller.system.SysUserController.edit()', N'PUT', N'1', N'admin', NULL, N'/system/user', N'127.0.0.1', N'内网IP', N'{"admin":false,"avatar":"","createBy":"admin","createTime":"2023-02-28 10:31:31","delFlag":"0","dept":{"ancestors":"0,100,101","children":[],"deptId":105,"deptName":"测试部门","leader":"若依","orderNum":3,"params":{},"parentId":101,"status":"0"},"deptId":105,"email":"ry@qq.com","loginDate":"2023-02-28 10:31:31","loginIp":"127.0.0.1","nickName":"若依","params":{},"phonenumber":"15666666666","postIds":[2],"remark":"测试员","roleIds":[2],"roles":[{"admin":false,"dataScope":"2","deptCheckStrictly":false,"flag":false,"menuCheckStrictly":false,"params":{},"roleId":2,"roleKey":"common","roleName":"普通角色","roleSort":2,"status":"0"}],"sex":"1","status":"0","updateBy":"admin","userId":2,"userName":"ry"}', N'{"msg":"操作成功","code":200}', N'0', NULL, N'2023-02-28 14:30:32', N'121')
GO

INSERT INTO [dbo].[sys_oper_log] ([oper_id], [title], [business_type], [method], [request_method], [operator_type], [oper_name], [dept_name], [oper_url], [oper_ip], [oper_location], [oper_param], [json_result], [status], [error_msg], [oper_time], [cost_time]) VALUES (N'103', N'代码生成', N'6', N'com.ruoyi.generator.controller.GenController.importTableSave()', N'POST', N'1', N'admin', NULL, N'/tool/gen/importTable', N'127.0.0.1', N'内网IP', N'"sys_logininfor,sys_job_log"', N'{"msg":"操作成功","code":200}', N'0', NULL, N'2023-02-28 14:31:38', N'334')
GO

INSERT INTO [dbo].[sys_oper_log] ([oper_id], [title], [business_type], [method], [request_method], [operator_type], [oper_name], [dept_name], [oper_url], [oper_ip], [oper_location], [oper_param], [json_result], [status], [error_msg], [oper_time], [cost_time]) VALUES (N'104', N'代码生成', N'6', N'com.ruoyi.generator.controller.GenController.importTableSave()', N'POST', N'1', N'admin', NULL, N'/tool/gen/importTable', N'127.0.0.1', N'内网IP', N'"salf_test"', N'{"msg":"操作成功","code":200}', N'0', NULL, N'2023-02-28 15:30:31', N'158')
GO

INSERT INTO [dbo].[sys_oper_log] ([oper_id], [title], [business_type], [method], [request_method], [operator_type], [oper_name], [dept_name], [oper_url], [oper_ip], [oper_location], [oper_param], [json_result], [status], [error_msg], [oper_time], [cost_time]) VALUES (N'105', N'代码生成', N'8', N'com.ruoyi.generator.controller.GenController.batchGenCode()', N'GET', N'1', N'admin', NULL, N'/tool/gen/batchGenCode', N'127.0.0.1', N'内网IP', N'{"tables":"salf_test"}', NULL, N'0', NULL, N'2023-02-28 15:30:39', N'47')
GO

INSERT INTO [dbo].[sys_oper_log] ([oper_id], [title], [business_type], [method], [request_method], [operator_type], [oper_name], [dept_name], [oper_url], [oper_ip], [oper_location], [oper_param], [json_result], [status], [error_msg], [oper_time], [cost_time]) VALUES (N'106', N'代码生成', N'2', N'com.ruoyi.generator.controller.GenController.editSave()', N'PUT', N'1', N'admin', NULL, N'/tool/gen', N'127.0.0.1', N'内网IP', N'{"businessName":"system","className":"SalfTest","columns":[{"capJavaField":"Id","columnComment":"主键ID","columnId":18,"columnName":"id","columnType":"bigint(20)","createBy":"admin","createTime":"2023-02-28 15:30:31","dictType":"","edit":false,"htmlType":"input","increment":false,"insert":true,"isIncrement":"0","isInsert":"1","isPk":"1","javaField":"id","javaType":"Long","list":false,"params":{},"pk":true,"query":false,"queryType":"EQ","required":false,"sort":1,"superColumn":false,"tableId":3,"updateBy":"","usableColumn":false},{"capJavaField":"Content","columnComment":"内容","columnId":19,"columnName":"content","columnType":"varchar(255)","createBy":"admin","createTime":"2023-02-28 15:30:31","dictType":"","edit":true,"htmlType":"editor","increment":false,"insert":true,"isEdit":"1","isIncrement":"0","isInsert":"1","isList":"1","isPk":"0","isQuery":"1","javaField":"content","javaType":"String","list":true,"params":{},"pk":false,"query":true,"queryType":"EQ","required":false,"sort":2,"superColumn":false,"tableId":3,"updateBy":"","usableColumn":false},{"capJavaField":"CreateTime","columnComment":"创建时间","columnId":20,"columnName":"create_time","columnType":"datetime","createBy":"admin","createTime":"2023-02-28 15:30:31","dictType":"","edit":false,"htmlType":"datetime","increment":false,"insert":true,"isIncrement":"0","isInsert":"1","isPk":"0","javaField":"createTime","javaType":"Date","list":false,"params":{},"pk":false,"query":false,"queryType":"EQ","required":false,"sort":3,"superColumn":true,"tableId":3,"updateBy":"","usableColumn":false},{"capJavaField":"UpdateTime","columnComment":"修改时间","columnId":21,"columnName":"update_time","columnType":"datetime","createBy":"admin","createTime":"2023-02-28 15:30:31","dictType":"","edit":true,"htmlType":"datetime","increment":false,"insert":true,"isEdit":"1","isIncrement":"0","isInsert":"1","isPk":"0","javaField":"updateTime","javaType":"Date","list":false,"params":{},"pk":false,"query":false,"queryType":"EQ","required":false,"sort', N'{"msg":"操作成功","code":200}', N'0', NULL, N'2023-02-28 15:31:07', N'120')
GO

INSERT INTO [dbo].[sys_oper_log] ([oper_id], [title], [business_type], [method], [request_method], [operator_type], [oper_name], [dept_name], [oper_url], [oper_ip], [oper_location], [oper_param], [json_result], [status], [error_msg], [oper_time], [cost_time]) VALUES (N'107', N'代码生成', N'8', N'com.ruoyi.generator.controller.GenController.batchGenCode()', N'GET', N'1', N'admin', NULL, N'/tool/gen/batchGenCode', N'127.0.0.1', N'内网IP', N'{"tables":"salf_test"}', NULL, N'0', NULL, N'2023-02-28 15:31:19', N'75')
GO

INSERT INTO [dbo].[sys_oper_log] ([oper_id], [title], [business_type], [method], [request_method], [operator_type], [oper_name], [dept_name], [oper_url], [oper_ip], [oper_location], [oper_param], [json_result], [status], [error_msg], [oper_time], [cost_time]) VALUES (N'108', N'代码生成', N'2', N'com.ruoyi.generator.controller.GenController.editSave()', N'PUT', N'1', N'admin', NULL, N'/tool/gen', N'127.0.0.1', N'内网IP', N'{"businessName":"system","className":"SalfTest","columns":[{"capJavaField":"Id","columnComment":"主键ID","columnId":18,"columnName":"id","columnType":"bigint(20)","createBy":"admin","createTime":"2023-02-28 15:30:31","dictType":"","edit":false,"htmlType":"input","increment":false,"insert":true,"isIncrement":"0","isInsert":"1","isPk":"1","javaField":"id","javaType":"Long","list":false,"params":{},"pk":true,"query":false,"queryType":"EQ","required":false,"sort":1,"superColumn":false,"tableId":3,"updateBy":"","updateTime":"2023-02-28 15:31:07","usableColumn":false},{"capJavaField":"Content","columnComment":"内容","columnId":19,"columnName":"content","columnType":"varchar(255)","createBy":"admin","createTime":"2023-02-28 15:30:31","dictType":"","edit":true,"htmlType":"editor","increment":false,"insert":true,"isEdit":"1","isIncrement":"0","isInsert":"1","isList":"1","isPk":"0","isQuery":"1","javaField":"content","javaType":"String","list":true,"params":{},"pk":false,"query":true,"queryType":"EQ","required":false,"sort":2,"superColumn":false,"tableId":3,"updateBy":"","updateTime":"2023-02-28 15:31:07","usableColumn":false},{"capJavaField":"CreateTime","columnComment":"创建时间","columnId":20,"columnName":"create_time","columnType":"datetime","createBy":"admin","createTime":"2023-02-28 15:30:31","dictType":"","edit":false,"htmlType":"datetime","increment":false,"insert":true,"isIncrement":"0","isInsert":"1","isPk":"0","isQuery":"1","javaField":"createTime","javaType":"Date","list":false,"params":{},"pk":false,"query":true,"queryType":"EQ","required":false,"sort":3,"superColumn":true,"tableId":3,"updateBy":"","updateTime":"2023-02-28 15:31:07","usableColumn":false},{"capJavaField":"UpdateTime","columnComment":"修改时间","columnId":21,"columnName":"update_time","columnType":"datetime","createBy":"admin","createTime":"2023-02-28 15:30:31","dictType":"","edit":true,"htmlType":"datetime","increment":false,"insert":true,"isEdit":"1","isIncrement":"0","isInsert":"1","isPk":"0","isQuery":"1",', N'{"msg":"操作成功","code":200}', N'0', NULL, N'2023-02-28 15:36:15', N'106')
GO

INSERT INTO [dbo].[sys_oper_log] ([oper_id], [title], [business_type], [method], [request_method], [operator_type], [oper_name], [dept_name], [oper_url], [oper_ip], [oper_location], [oper_param], [json_result], [status], [error_msg], [oper_time], [cost_time]) VALUES (N'109', N'代码生成', N'2', N'com.ruoyi.generator.controller.GenController.editSave()', N'PUT', N'1', N'admin', NULL, N'/tool/gen', N'127.0.0.1', N'内网IP', N'{"businessName":"system","className":"SalfTest","columns":[{"capJavaField":"Id","columnComment":"主键ID","columnId":18,"columnName":"id","columnType":"bigint(20)","createBy":"admin","createTime":"2023-02-28 15:30:31","dictType":"","edit":false,"htmlType":"input","increment":false,"insert":true,"isIncrement":"0","isInsert":"1","isPk":"1","javaField":"id","javaType":"Long","list":false,"params":{},"pk":true,"query":false,"queryType":"EQ","required":false,"sort":1,"superColumn":false,"tableId":3,"updateBy":"","updateTime":"2023-02-28 15:36:15","usableColumn":false},{"capJavaField":"Content","columnComment":"内容","columnId":19,"columnName":"content","columnType":"varchar(255)","createBy":"admin","createTime":"2023-02-28 15:30:31","dictType":"","edit":true,"htmlType":"editor","increment":false,"insert":true,"isEdit":"1","isIncrement":"0","isInsert":"1","isList":"1","isPk":"0","isQuery":"1","javaField":"content","javaType":"String","list":true,"params":{},"pk":false,"query":true,"queryType":"EQ","required":false,"sort":2,"superColumn":false,"tableId":3,"updateBy":"","updateTime":"2023-02-28 15:36:15","usableColumn":false},{"capJavaField":"CreateTime","columnComment":"创建时间","columnId":20,"columnName":"create_time","columnType":"datetime","createBy":"admin","createTime":"2023-02-28 15:30:31","dictType":"","edit":false,"htmlType":"datetime","increment":false,"insert":true,"isIncrement":"0","isInsert":"1","isPk":"0","isQuery":"1","javaField":"createTime","javaType":"Date","list":false,"params":{},"pk":false,"query":true,"queryType":"EQ","required":false,"sort":3,"superColumn":true,"tableId":3,"updateBy":"","updateTime":"2023-02-28 15:36:15","usableColumn":false},{"capJavaField":"UpdateTime","columnComment":"修改时间","columnId":21,"columnName":"update_time","columnType":"datetime","createBy":"admin","createTime":"2023-02-28 15:30:31","dictType":"","edit":true,"htmlType":"datetime","increment":false,"insert":true,"isEdit":"1","isIncrement":"0","isInsert":"1","isPk":"0","isQuery":"1",', N'{"msg":"操作成功","code":200}', N'0', NULL, N'2023-02-28 15:54:24', N'134')
GO

INSERT INTO [dbo].[sys_oper_log] ([oper_id], [title], [business_type], [method], [request_method], [operator_type], [oper_name], [dept_name], [oper_url], [oper_ip], [oper_location], [oper_param], [json_result], [status], [error_msg], [oper_time], [cost_time]) VALUES (N'110', N'代码生成', N'8', N'com.ruoyi.generator.controller.GenController.batchGenCode()', N'GET', N'1', N'admin', NULL, N'/tool/gen/batchGenCode', N'127.0.0.1', N'内网IP', N'{"tables":"salf_test"}', NULL, N'0', NULL, N'2023-02-28 15:54:30', N'43')
GO

INSERT INTO [dbo].[sys_oper_log] ([oper_id], [title], [business_type], [method], [request_method], [operator_type], [oper_name], [dept_name], [oper_url], [oper_ip], [oper_location], [oper_param], [json_result], [status], [error_msg], [oper_time], [cost_time]) VALUES (N'111', N'测试', N'1', N'com.ruoyi.web.controller.system.SalfTestController.add()', N'POST', N'1', N'admin', NULL, N'/system/system', N'127.0.0.1', N'内网IP', N'{"content":"121","delFlag":123,"params":{}}', NULL, N'1', N'nested exception is org.apache.ibatis.exceptions.PersistenceException: 
### Error updating database.  Cause: java.lang.IllegalStateException: Type handler was null on parameter mapping for property ''params''. It was either not specified and/or could not be found for the javaType (java.util.Map) : jdbcType (null) combination.
### The error may exist in com/ruoyi/system/mapper/SalfTestMapper.java (best guess)
### The error may involve com.ruoyi.system.mapper.SalfTestMapper.insert
### The error occurred while executing an update
### Cause: java.lang.IllegalStateException: Type handler was null on parameter mapping for property ''params''. It was either not specified and/or could not be found for the javaType (java.util.Map) : jdbcType (null) combination.', N'2023-02-28 15:57:24', N'6')
GO

INSERT INTO [dbo].[sys_oper_log] ([oper_id], [title], [business_type], [method], [request_method], [operator_type], [oper_name], [dept_name], [oper_url], [oper_ip], [oper_location], [oper_param], [json_result], [status], [error_msg], [oper_time], [cost_time]) VALUES (N'112', N'测试', N'1', N'com.ruoyi.web.controller.system.SalfTestController.add()', N'POST', N'1', N'admin', NULL, N'/system/system', N'127.0.0.1', N'内网IP', N'{"content":"121","delFlag":123,"params":{}}', NULL, N'1', N'nested exception is org.apache.ibatis.exceptions.PersistenceException: 
### Error updating database.  Cause: java.lang.IllegalStateException: Type handler was null on parameter mapping for property ''params''. It was either not specified and/or could not be found for the javaType (java.util.Map) : jdbcType (null) combination.
### The error may exist in com/ruoyi/system/mapper/SalfTestMapper.java (best guess)
### The error may involve com.ruoyi.system.mapper.SalfTestMapper.insert
### The error occurred while executing an update
### Cause: java.lang.IllegalStateException: Type handler was null on parameter mapping for property ''params''. It was either not specified and/or could not be found for the javaType (java.util.Map) : jdbcType (null) combination.', N'2023-02-28 15:57:43', N'1')
GO

INSERT INTO [dbo].[sys_oper_log] ([oper_id], [title], [business_type], [method], [request_method], [operator_type], [oper_name], [dept_name], [oper_url], [oper_ip], [oper_location], [oper_param], [json_result], [status], [error_msg], [oper_time], [cost_time]) VALUES (N'113', N'测试', N'1', N'com.ruoyi.web.controller.system.SalfTestController.add()', N'POST', N'1', N'admin', NULL, N'/system/system', N'127.0.0.1', N'内网IP', N'{"content":"1","params":{}}', NULL, N'1', N'nested exception is org.apache.ibatis.exceptions.PersistenceException: 
### Error updating database.  Cause: java.lang.IllegalStateException: Type handler was null on parameter mapping for property ''params''. It was either not specified and/or could not be found for the javaType (java.util.Map) : jdbcType (null) combination.
### The error may exist in com/ruoyi/system/mapper/SalfTestMapper.java (best guess)
### The error may involve com.ruoyi.system.mapper.SalfTestMapper.insert
### The error occurred while executing an update
### Cause: java.lang.IllegalStateException: Type handler was null on parameter mapping for property ''params''. It was either not specified and/or could not be found for the javaType (java.util.Map) : jdbcType (null) combination.', N'2023-02-28 15:57:57', N'1')
GO

INSERT INTO [dbo].[sys_oper_log] ([oper_id], [title], [business_type], [method], [request_method], [operator_type], [oper_name], [dept_name], [oper_url], [oper_ip], [oper_location], [oper_param], [json_result], [status], [error_msg], [oper_time], [cost_time]) VALUES (N'114', N'测试', N'1', N'com.ruoyi.web.controller.system.SalfTestController.add()', N'POST', N'1', N'admin', NULL, N'/system/system', N'127.0.0.1', N'内网IP', N'{"content":"1","params":{}}', NULL, N'1', N'nested exception is org.apache.ibatis.exceptions.PersistenceException: 
### Error updating database.  Cause: java.lang.IllegalStateException: Type handler was null on parameter mapping for property ''params''. It was either not specified and/or could not be found for the javaType (java.util.Map) : jdbcType (null) combination.
### The error may exist in com/ruoyi/system/mapper/SalfTestMapper.java (best guess)
### The error may involve com.ruoyi.system.mapper.SalfTestMapper.insert
### The error occurred while executing an update
### Cause: java.lang.IllegalStateException: Type handler was null on parameter mapping for property ''params''. It was either not specified and/or could not be found for the javaType (java.util.Map) : jdbcType (null) combination.', N'2023-02-28 15:59:47', N'5878')
GO

INSERT INTO [dbo].[sys_oper_log] ([oper_id], [title], [business_type], [method], [request_method], [operator_type], [oper_name], [dept_name], [oper_url], [oper_ip], [oper_location], [oper_param], [json_result], [status], [error_msg], [oper_time], [cost_time]) VALUES (N'115', N'测试', N'1', N'com.ruoyi.web.controller.system.SalfTestController.add()', N'POST', N'1', N'admin', NULL, N'/system/system', N'127.0.0.1', N'内网IP', N'{"content":"1","params":{}}', NULL, N'1', N'nested exception is org.apache.ibatis.exceptions.PersistenceException: 
### Error updating database.  Cause: java.lang.IllegalStateException: Type handler was null on parameter mapping for property ''params''. It was either not specified and/or could not be found for the javaType (java.util.Map) : jdbcType (null) combination.
### The error may exist in com/ruoyi/system/mapper/SalfTestMapper.java (best guess)
### The error may involve com.ruoyi.system.mapper.SalfTestMapper.insert
### The error occurred while executing an update
### Cause: java.lang.IllegalStateException: Type handler was null on parameter mapping for property ''params''. It was either not specified and/or could not be found for the javaType (java.util.Map) : jdbcType (null) combination.', N'2023-02-28 16:00:04', N'3667')
GO

INSERT INTO [dbo].[sys_oper_log] ([oper_id], [title], [business_type], [method], [request_method], [operator_type], [oper_name], [dept_name], [oper_url], [oper_ip], [oper_location], [oper_param], [json_result], [status], [error_msg], [oper_time], [cost_time]) VALUES (N'116', N'测试', N'1', N'com.ruoyi.web.controller.system.SalfTestController.add()', N'POST', N'1', N'admin', NULL, N'/system/system', N'127.0.0.1', N'内网IP', N'{"content":"1","id":1630479013778993153,"params":{}}', N'{"msg":"操作成功","code":200}', N'0', NULL, N'2023-02-28 16:04:24', N'2686')
GO

INSERT INTO [dbo].[sys_oper_log] ([oper_id], [title], [business_type], [method], [request_method], [operator_type], [oper_name], [dept_name], [oper_url], [oper_ip], [oper_location], [oper_param], [json_result], [status], [error_msg], [oper_time], [cost_time]) VALUES (N'117', N'测试', N'1', N'com.ruoyi.web.controller.system.SalfTestController.add()', N'POST', N'1', N'admin', NULL, N'/system/system', N'127.0.0.1', N'内网IP', N'{"content":"1","id":1630480382770454529,"params":{}}', N'{"msg":"操作成功","code":200}', N'0', NULL, N'2023-02-28 16:09:50', N'65')
GO

INSERT INTO [dbo].[sys_oper_log] ([oper_id], [title], [business_type], [method], [request_method], [operator_type], [oper_name], [dept_name], [oper_url], [oper_ip], [oper_location], [oper_param], [json_result], [status], [error_msg], [oper_time], [cost_time]) VALUES (N'118', N'测试', N'1', N'com.ruoyi.web.controller.system.SalfTestController.add()', N'POST', N'1', N'admin', NULL, N'/system/system', N'127.0.0.1', N'内网IP', N'{"content":"1","id":1,"params":{}}', N'{"msg":"操作成功","code":200}', N'0', NULL, N'2023-02-28 16:23:32', N'568')
GO

INSERT INTO [dbo].[sys_oper_log] ([oper_id], [title], [business_type], [method], [request_method], [operator_type], [oper_name], [dept_name], [oper_url], [oper_ip], [oper_location], [oper_param], [json_result], [status], [error_msg], [oper_time], [cost_time]) VALUES (N'119', N'测试', N'1', N'com.ruoyi.web.controller.system.SalfTestController.add()', N'POST', N'1', N'admin', NULL, N'/system/system', N'127.0.0.1', N'内网IP', N'{"content":"1","delFlag":1,"id":2,"params":{}}', N'{"msg":"操作成功","code":200}', N'0', NULL, N'2023-02-28 16:24:33', N'69')
GO

INSERT INTO [dbo].[sys_oper_log] ([oper_id], [title], [business_type], [method], [request_method], [operator_type], [oper_name], [dept_name], [oper_url], [oper_ip], [oper_location], [oper_param], [json_result], [status], [error_msg], [oper_time], [cost_time]) VALUES (N'120', N'测试', N'3', N'com.ruoyi.web.controller.system.SalfTestController.remove()', N'DELETE', N'1', N'admin', NULL, N'/system/system/2', N'127.0.0.1', N'内网IP', N'{}', N'{"msg":"操作成功","code":200}', N'0', NULL, N'2023-02-28 16:34:10', N'92')
GO

INSERT INTO [dbo].[sys_oper_log] ([oper_id], [title], [business_type], [method], [request_method], [operator_type], [oper_name], [dept_name], [oper_url], [oper_ip], [oper_location], [oper_param], [json_result], [status], [error_msg], [oper_time], [cost_time]) VALUES (N'121', N'测试', N'1', N'com.ruoyi.web.controller.system.SalfTestController.add()', N'POST', N'1', N'admin', NULL, N'/system/system', N'127.0.0.1', N'内网IP', N'{"content":"4","delFlag":5,"id":3,"params":{}}', N'{"msg":"操作成功","code":200}', N'0', NULL, N'2023-02-28 17:29:08', N'53')
GO

INSERT INTO [dbo].[sys_oper_log] ([oper_id], [title], [business_type], [method], [request_method], [operator_type], [oper_name], [dept_name], [oper_url], [oper_ip], [oper_location], [oper_param], [json_result], [status], [error_msg], [oper_time], [cost_time]) VALUES (N'122', N'测试', N'2', N'com.ruoyi.web.controller.system.SalfTestController.edit()', N'PUT', N'1', N'admin', NULL, N'/system/system', N'127.0.0.1', N'内网IP', N'{"content":"4","delFlag":5,"id":3,"params":{}}', N'{"msg":"操作成功","code":200}', N'0', NULL, N'2023-02-28 17:31:56', N'70')
GO

INSERT INTO [dbo].[sys_oper_log] ([oper_id], [title], [business_type], [method], [request_method], [operator_type], [oper_name], [dept_name], [oper_url], [oper_ip], [oper_location], [oper_param], [json_result], [status], [error_msg], [oper_time], [cost_time]) VALUES (N'123', N'测试', N'1', N'com.ruoyi.web.controller.system.SalfTestController.add()', N'POST', N'1', N'admin', NULL, N'/system/system', N'127.0.0.1', N'内网IP', N'{"content":"12","createBy":"admin","createTime":"2023-02-28 17:33:33","delFlag":21,"id":4,"params":{}}', N'{"msg":"操作成功","code":200}', N'0', NULL, N'2023-02-28 17:33:34', N'3363')
GO

SET IDENTITY_INSERT [dbo].[sys_oper_log] OFF
GO


-- ----------------------------
-- Table structure for sys_post
-- ----------------------------
IF EXISTS (SELECT * FROM sys.all_objects WHERE object_id = OBJECT_ID(N'[dbo].[sys_post]') AND type IN ('U'))
	DROP TABLE [dbo].[sys_post]
GO

CREATE TABLE [dbo].[sys_post] (
  [post_id] bigint  IDENTITY(1,1) NOT NULL,
  [post_code] nvarchar(64) COLLATE Chinese_PRC_CI_AS  NOT NULL,
  [post_name] nvarchar(50) COLLATE Chinese_PRC_CI_AS  NOT NULL,
  [post_sort] int  NOT NULL,
  [status] nchar(1) COLLATE Chinese_PRC_CI_AS  NOT NULL,
  [create_by] nvarchar(64) COLLATE Chinese_PRC_CI_AS  NULL,
  [create_time] datetime2(0)  NULL,
  [update_by] nvarchar(64) COLLATE Chinese_PRC_CI_AS  NULL,
  [update_time] datetime2(0)  NULL,
  [remark] nvarchar(500) COLLATE Chinese_PRC_CI_AS  NULL
)
GO

ALTER TABLE [dbo].[sys_post] SET (LOCK_ESCALATION = TABLE)
GO

EXEC sp_addextendedproperty
'MS_Description', N'岗位ID',
'SCHEMA', N'dbo',
'TABLE', N'sys_post',
'COLUMN', N'post_id'
GO

EXEC sp_addextendedproperty
'MS_Description', N'岗位编码',
'SCHEMA', N'dbo',
'TABLE', N'sys_post',
'COLUMN', N'post_code'
GO

EXEC sp_addextendedproperty
'MS_Description', N'岗位名称',
'SCHEMA', N'dbo',
'TABLE', N'sys_post',
'COLUMN', N'post_name'
GO

EXEC sp_addextendedproperty
'MS_Description', N'显示顺序',
'SCHEMA', N'dbo',
'TABLE', N'sys_post',
'COLUMN', N'post_sort'
GO

EXEC sp_addextendedproperty
'MS_Description', N'状态（0正常 1停用）',
'SCHEMA', N'dbo',
'TABLE', N'sys_post',
'COLUMN', N'status'
GO

EXEC sp_addextendedproperty
'MS_Description', N'创建者',
'SCHEMA', N'dbo',
'TABLE', N'sys_post',
'COLUMN', N'create_by'
GO

EXEC sp_addextendedproperty
'MS_Description', N'创建时间',
'SCHEMA', N'dbo',
'TABLE', N'sys_post',
'COLUMN', N'create_time'
GO

EXEC sp_addextendedproperty
'MS_Description', N'更新者',
'SCHEMA', N'dbo',
'TABLE', N'sys_post',
'COLUMN', N'update_by'
GO

EXEC sp_addextendedproperty
'MS_Description', N'更新时间',
'SCHEMA', N'dbo',
'TABLE', N'sys_post',
'COLUMN', N'update_time'
GO

EXEC sp_addextendedproperty
'MS_Description', N'备注',
'SCHEMA', N'dbo',
'TABLE', N'sys_post',
'COLUMN', N'remark'
GO

EXEC sp_addextendedproperty
'MS_Description', N'岗位信息表',
'SCHEMA', N'dbo',
'TABLE', N'sys_post'
GO


-- ----------------------------
-- Records of sys_post
-- ----------------------------
SET IDENTITY_INSERT [dbo].[sys_post] ON
GO

INSERT INTO [dbo].[sys_post] ([post_id], [post_code], [post_name], [post_sort], [status], [create_by], [create_time], [update_by], [update_time], [remark]) VALUES (N'1', N'ceo', N'董事长', N'1', N'0', N'admin', N'2023-02-28 10:31:31', N'', NULL, N'')
GO

INSERT INTO [dbo].[sys_post] ([post_id], [post_code], [post_name], [post_sort], [status], [create_by], [create_time], [update_by], [update_time], [remark]) VALUES (N'2', N'se', N'项目经理', N'2', N'0', N'admin', N'2023-02-28 10:31:31', N'', NULL, N'')
GO

INSERT INTO [dbo].[sys_post] ([post_id], [post_code], [post_name], [post_sort], [status], [create_by], [create_time], [update_by], [update_time], [remark]) VALUES (N'3', N'hr', N'人力资源', N'3', N'0', N'admin', N'2023-02-28 10:31:31', N'', NULL, N'')
GO

INSERT INTO [dbo].[sys_post] ([post_id], [post_code], [post_name], [post_sort], [status], [create_by], [create_time], [update_by], [update_time], [remark]) VALUES (N'4', N'user', N'普通员工', N'4', N'0', N'admin', N'2023-02-28 10:31:31', N'', NULL, N'')
GO

SET IDENTITY_INSERT [dbo].[sys_post] OFF
GO


-- ----------------------------
-- Table structure for sys_role
-- ----------------------------
IF EXISTS (SELECT * FROM sys.all_objects WHERE object_id = OBJECT_ID(N'[dbo].[sys_role]') AND type IN ('U'))
	DROP TABLE [dbo].[sys_role]
GO

CREATE TABLE [dbo].[sys_role] (
  [role_id] bigint  IDENTITY(1,1) NOT NULL,
  [role_name] nvarchar(30) COLLATE Chinese_PRC_CI_AS  NOT NULL,
  [role_key] nvarchar(100) COLLATE Chinese_PRC_CI_AS  NOT NULL,
  [role_sort] int  NOT NULL,
  [data_scope] nchar(1) COLLATE Chinese_PRC_CI_AS  NULL,
  [menu_check_strictly] tinyint  NULL,
  [dept_check_strictly] tinyint  NULL,
  [status] nchar(1) COLLATE Chinese_PRC_CI_AS  NOT NULL,
  [del_flag] nchar(1) COLLATE Chinese_PRC_CI_AS  NULL,
  [create_by] nvarchar(64) COLLATE Chinese_PRC_CI_AS  NULL,
  [create_time] datetime2(0)  NULL,
  [update_by] nvarchar(64) COLLATE Chinese_PRC_CI_AS  NULL,
  [update_time] datetime2(0)  NULL,
  [remark] nvarchar(500) COLLATE Chinese_PRC_CI_AS  NULL
)
GO

ALTER TABLE [dbo].[sys_role] SET (LOCK_ESCALATION = TABLE)
GO

EXEC sp_addextendedproperty
'MS_Description', N'角色ID',
'SCHEMA', N'dbo',
'TABLE', N'sys_role',
'COLUMN', N'role_id'
GO

EXEC sp_addextendedproperty
'MS_Description', N'角色名称',
'SCHEMA', N'dbo',
'TABLE', N'sys_role',
'COLUMN', N'role_name'
GO

EXEC sp_addextendedproperty
'MS_Description', N'角色权限字符串',
'SCHEMA', N'dbo',
'TABLE', N'sys_role',
'COLUMN', N'role_key'
GO

EXEC sp_addextendedproperty
'MS_Description', N'显示顺序',
'SCHEMA', N'dbo',
'TABLE', N'sys_role',
'COLUMN', N'role_sort'
GO

EXEC sp_addextendedproperty
'MS_Description', N'数据范围（1：全部数据权限 2：自定数据权限 3：本部门数据权限 4：本部门及以下数据权限）',
'SCHEMA', N'dbo',
'TABLE', N'sys_role',
'COLUMN', N'data_scope'
GO

EXEC sp_addextendedproperty
'MS_Description', N'菜单树选择项是否关联显示',
'SCHEMA', N'dbo',
'TABLE', N'sys_role',
'COLUMN', N'menu_check_strictly'
GO

EXEC sp_addextendedproperty
'MS_Description', N'部门树选择项是否关联显示',
'SCHEMA', N'dbo',
'TABLE', N'sys_role',
'COLUMN', N'dept_check_strictly'
GO

EXEC sp_addextendedproperty
'MS_Description', N'角色状态（0正常 1停用）',
'SCHEMA', N'dbo',
'TABLE', N'sys_role',
'COLUMN', N'status'
GO

EXEC sp_addextendedproperty
'MS_Description', N'删除标志（0代表存在 2代表删除）',
'SCHEMA', N'dbo',
'TABLE', N'sys_role',
'COLUMN', N'del_flag'
GO

EXEC sp_addextendedproperty
'MS_Description', N'创建者',
'SCHEMA', N'dbo',
'TABLE', N'sys_role',
'COLUMN', N'create_by'
GO

EXEC sp_addextendedproperty
'MS_Description', N'创建时间',
'SCHEMA', N'dbo',
'TABLE', N'sys_role',
'COLUMN', N'create_time'
GO

EXEC sp_addextendedproperty
'MS_Description', N'更新者',
'SCHEMA', N'dbo',
'TABLE', N'sys_role',
'COLUMN', N'update_by'
GO

EXEC sp_addextendedproperty
'MS_Description', N'更新时间',
'SCHEMA', N'dbo',
'TABLE', N'sys_role',
'COLUMN', N'update_time'
GO

EXEC sp_addextendedproperty
'MS_Description', N'备注',
'SCHEMA', N'dbo',
'TABLE', N'sys_role',
'COLUMN', N'remark'
GO

EXEC sp_addextendedproperty
'MS_Description', N'角色信息表',
'SCHEMA', N'dbo',
'TABLE', N'sys_role'
GO


-- ----------------------------
-- Records of sys_role
-- ----------------------------
SET IDENTITY_INSERT [dbo].[sys_role] ON
GO

INSERT INTO [dbo].[sys_role] ([role_id], [role_name], [role_key], [role_sort], [data_scope], [menu_check_strictly], [dept_check_strictly], [status], [del_flag], [create_by], [create_time], [update_by], [update_time], [remark]) VALUES (N'1', N'超级管理员', N'admin', N'1', N'1', N'1', N'1', N'0', N'0', N'admin', N'2023-02-28 10:31:32', N'', NULL, N'超级管理员')
GO

INSERT INTO [dbo].[sys_role] ([role_id], [role_name], [role_key], [role_sort], [data_scope], [menu_check_strictly], [dept_check_strictly], [status], [del_flag], [create_by], [create_time], [update_by], [update_time], [remark]) VALUES (N'2', N'普通角色', N'common', N'2', N'2', N'1', N'1', N'0', N'0', N'admin', N'2023-02-28 10:31:32', N'', NULL, N'普通角色')
GO

SET IDENTITY_INSERT [dbo].[sys_role] OFF
GO


-- ----------------------------
-- Table structure for sys_role_dept
-- ----------------------------
IF EXISTS (SELECT * FROM sys.all_objects WHERE object_id = OBJECT_ID(N'[dbo].[sys_role_dept]') AND type IN ('U'))
	DROP TABLE [dbo].[sys_role_dept]
GO

CREATE TABLE [dbo].[sys_role_dept] (
  [role_id] bigint  NOT NULL,
  [dept_id] bigint  NOT NULL
)
GO

ALTER TABLE [dbo].[sys_role_dept] SET (LOCK_ESCALATION = TABLE)
GO

EXEC sp_addextendedproperty
'MS_Description', N'角色ID',
'SCHEMA', N'dbo',
'TABLE', N'sys_role_dept',
'COLUMN', N'role_id'
GO

EXEC sp_addextendedproperty
'MS_Description', N'部门ID',
'SCHEMA', N'dbo',
'TABLE', N'sys_role_dept',
'COLUMN', N'dept_id'
GO

EXEC sp_addextendedproperty
'MS_Description', N'角色和部门关联表',
'SCHEMA', N'dbo',
'TABLE', N'sys_role_dept'
GO


-- ----------------------------
-- Records of sys_role_dept
-- ----------------------------
INSERT INTO [dbo].[sys_role_dept] ([role_id], [dept_id]) VALUES (N'2', N'100')
GO

INSERT INTO [dbo].[sys_role_dept] ([role_id], [dept_id]) VALUES (N'2', N'101')
GO

INSERT INTO [dbo].[sys_role_dept] ([role_id], [dept_id]) VALUES (N'2', N'105')
GO


-- ----------------------------
-- Table structure for sys_role_menu
-- ----------------------------
IF EXISTS (SELECT * FROM sys.all_objects WHERE object_id = OBJECT_ID(N'[dbo].[sys_role_menu]') AND type IN ('U'))
	DROP TABLE [dbo].[sys_role_menu]
GO

CREATE TABLE [dbo].[sys_role_menu] (
  [role_id] bigint  NOT NULL,
  [menu_id] bigint  NOT NULL
)
GO

ALTER TABLE [dbo].[sys_role_menu] SET (LOCK_ESCALATION = TABLE)
GO

EXEC sp_addextendedproperty
'MS_Description', N'角色ID',
'SCHEMA', N'dbo',
'TABLE', N'sys_role_menu',
'COLUMN', N'role_id'
GO

EXEC sp_addextendedproperty
'MS_Description', N'菜单ID',
'SCHEMA', N'dbo',
'TABLE', N'sys_role_menu',
'COLUMN', N'menu_id'
GO

EXEC sp_addextendedproperty
'MS_Description', N'角色和菜单关联表',
'SCHEMA', N'dbo',
'TABLE', N'sys_role_menu'
GO


-- ----------------------------
-- Records of sys_role_menu
-- ----------------------------
INSERT INTO [dbo].[sys_role_menu] ([role_id], [menu_id]) VALUES (N'2', N'1')
GO

INSERT INTO [dbo].[sys_role_menu] ([role_id], [menu_id]) VALUES (N'2', N'2')
GO

INSERT INTO [dbo].[sys_role_menu] ([role_id], [menu_id]) VALUES (N'2', N'3')
GO

INSERT INTO [dbo].[sys_role_menu] ([role_id], [menu_id]) VALUES (N'2', N'4')
GO

INSERT INTO [dbo].[sys_role_menu] ([role_id], [menu_id]) VALUES (N'2', N'100')
GO

INSERT INTO [dbo].[sys_role_menu] ([role_id], [menu_id]) VALUES (N'2', N'101')
GO

INSERT INTO [dbo].[sys_role_menu] ([role_id], [menu_id]) VALUES (N'2', N'102')
GO

INSERT INTO [dbo].[sys_role_menu] ([role_id], [menu_id]) VALUES (N'2', N'103')
GO

INSERT INTO [dbo].[sys_role_menu] ([role_id], [menu_id]) VALUES (N'2', N'104')
GO

INSERT INTO [dbo].[sys_role_menu] ([role_id], [menu_id]) VALUES (N'2', N'105')
GO

INSERT INTO [dbo].[sys_role_menu] ([role_id], [menu_id]) VALUES (N'2', N'106')
GO

INSERT INTO [dbo].[sys_role_menu] ([role_id], [menu_id]) VALUES (N'2', N'107')
GO

INSERT INTO [dbo].[sys_role_menu] ([role_id], [menu_id]) VALUES (N'2', N'108')
GO

INSERT INTO [dbo].[sys_role_menu] ([role_id], [menu_id]) VALUES (N'2', N'109')
GO

INSERT INTO [dbo].[sys_role_menu] ([role_id], [menu_id]) VALUES (N'2', N'110')
GO

INSERT INTO [dbo].[sys_role_menu] ([role_id], [menu_id]) VALUES (N'2', N'111')
GO

INSERT INTO [dbo].[sys_role_menu] ([role_id], [menu_id]) VALUES (N'2', N'112')
GO

INSERT INTO [dbo].[sys_role_menu] ([role_id], [menu_id]) VALUES (N'2', N'113')
GO

INSERT INTO [dbo].[sys_role_menu] ([role_id], [menu_id]) VALUES (N'2', N'114')
GO

INSERT INTO [dbo].[sys_role_menu] ([role_id], [menu_id]) VALUES (N'2', N'115')
GO

INSERT INTO [dbo].[sys_role_menu] ([role_id], [menu_id]) VALUES (N'2', N'116')
GO

INSERT INTO [dbo].[sys_role_menu] ([role_id], [menu_id]) VALUES (N'2', N'117')
GO

INSERT INTO [dbo].[sys_role_menu] ([role_id], [menu_id]) VALUES (N'2', N'500')
GO

INSERT INTO [dbo].[sys_role_menu] ([role_id], [menu_id]) VALUES (N'2', N'501')
GO

INSERT INTO [dbo].[sys_role_menu] ([role_id], [menu_id]) VALUES (N'2', N'1000')
GO

INSERT INTO [dbo].[sys_role_menu] ([role_id], [menu_id]) VALUES (N'2', N'1001')
GO

INSERT INTO [dbo].[sys_role_menu] ([role_id], [menu_id]) VALUES (N'2', N'1002')
GO

INSERT INTO [dbo].[sys_role_menu] ([role_id], [menu_id]) VALUES (N'2', N'1003')
GO

INSERT INTO [dbo].[sys_role_menu] ([role_id], [menu_id]) VALUES (N'2', N'1004')
GO

INSERT INTO [dbo].[sys_role_menu] ([role_id], [menu_id]) VALUES (N'2', N'1005')
GO

INSERT INTO [dbo].[sys_role_menu] ([role_id], [menu_id]) VALUES (N'2', N'1006')
GO

INSERT INTO [dbo].[sys_role_menu] ([role_id], [menu_id]) VALUES (N'2', N'1007')
GO

INSERT INTO [dbo].[sys_role_menu] ([role_id], [menu_id]) VALUES (N'2', N'1008')
GO

INSERT INTO [dbo].[sys_role_menu] ([role_id], [menu_id]) VALUES (N'2', N'1009')
GO

INSERT INTO [dbo].[sys_role_menu] ([role_id], [menu_id]) VALUES (N'2', N'1010')
GO

INSERT INTO [dbo].[sys_role_menu] ([role_id], [menu_id]) VALUES (N'2', N'1011')
GO

INSERT INTO [dbo].[sys_role_menu] ([role_id], [menu_id]) VALUES (N'2', N'1012')
GO

INSERT INTO [dbo].[sys_role_menu] ([role_id], [menu_id]) VALUES (N'2', N'1013')
GO

INSERT INTO [dbo].[sys_role_menu] ([role_id], [menu_id]) VALUES (N'2', N'1014')
GO

INSERT INTO [dbo].[sys_role_menu] ([role_id], [menu_id]) VALUES (N'2', N'1015')
GO

INSERT INTO [dbo].[sys_role_menu] ([role_id], [menu_id]) VALUES (N'2', N'1016')
GO

INSERT INTO [dbo].[sys_role_menu] ([role_id], [menu_id]) VALUES (N'2', N'1017')
GO

INSERT INTO [dbo].[sys_role_menu] ([role_id], [menu_id]) VALUES (N'2', N'1018')
GO

INSERT INTO [dbo].[sys_role_menu] ([role_id], [menu_id]) VALUES (N'2', N'1019')
GO

INSERT INTO [dbo].[sys_role_menu] ([role_id], [menu_id]) VALUES (N'2', N'1020')
GO

INSERT INTO [dbo].[sys_role_menu] ([role_id], [menu_id]) VALUES (N'2', N'1021')
GO

INSERT INTO [dbo].[sys_role_menu] ([role_id], [menu_id]) VALUES (N'2', N'1022')
GO

INSERT INTO [dbo].[sys_role_menu] ([role_id], [menu_id]) VALUES (N'2', N'1023')
GO

INSERT INTO [dbo].[sys_role_menu] ([role_id], [menu_id]) VALUES (N'2', N'1024')
GO

INSERT INTO [dbo].[sys_role_menu] ([role_id], [menu_id]) VALUES (N'2', N'1025')
GO

INSERT INTO [dbo].[sys_role_menu] ([role_id], [menu_id]) VALUES (N'2', N'1026')
GO

INSERT INTO [dbo].[sys_role_menu] ([role_id], [menu_id]) VALUES (N'2', N'1027')
GO

INSERT INTO [dbo].[sys_role_menu] ([role_id], [menu_id]) VALUES (N'2', N'1028')
GO

INSERT INTO [dbo].[sys_role_menu] ([role_id], [menu_id]) VALUES (N'2', N'1029')
GO

INSERT INTO [dbo].[sys_role_menu] ([role_id], [menu_id]) VALUES (N'2', N'1030')
GO

INSERT INTO [dbo].[sys_role_menu] ([role_id], [menu_id]) VALUES (N'2', N'1031')
GO

INSERT INTO [dbo].[sys_role_menu] ([role_id], [menu_id]) VALUES (N'2', N'1032')
GO

INSERT INTO [dbo].[sys_role_menu] ([role_id], [menu_id]) VALUES (N'2', N'1033')
GO

INSERT INTO [dbo].[sys_role_menu] ([role_id], [menu_id]) VALUES (N'2', N'1034')
GO

INSERT INTO [dbo].[sys_role_menu] ([role_id], [menu_id]) VALUES (N'2', N'1035')
GO

INSERT INTO [dbo].[sys_role_menu] ([role_id], [menu_id]) VALUES (N'2', N'1036')
GO

INSERT INTO [dbo].[sys_role_menu] ([role_id], [menu_id]) VALUES (N'2', N'1037')
GO

INSERT INTO [dbo].[sys_role_menu] ([role_id], [menu_id]) VALUES (N'2', N'1038')
GO

INSERT INTO [dbo].[sys_role_menu] ([role_id], [menu_id]) VALUES (N'2', N'1039')
GO

INSERT INTO [dbo].[sys_role_menu] ([role_id], [menu_id]) VALUES (N'2', N'1040')
GO

INSERT INTO [dbo].[sys_role_menu] ([role_id], [menu_id]) VALUES (N'2', N'1041')
GO

INSERT INTO [dbo].[sys_role_menu] ([role_id], [menu_id]) VALUES (N'2', N'1042')
GO

INSERT INTO [dbo].[sys_role_menu] ([role_id], [menu_id]) VALUES (N'2', N'1043')
GO

INSERT INTO [dbo].[sys_role_menu] ([role_id], [menu_id]) VALUES (N'2', N'1044')
GO

INSERT INTO [dbo].[sys_role_menu] ([role_id], [menu_id]) VALUES (N'2', N'1045')
GO

INSERT INTO [dbo].[sys_role_menu] ([role_id], [menu_id]) VALUES (N'2', N'1046')
GO

INSERT INTO [dbo].[sys_role_menu] ([role_id], [menu_id]) VALUES (N'2', N'1047')
GO

INSERT INTO [dbo].[sys_role_menu] ([role_id], [menu_id]) VALUES (N'2', N'1048')
GO

INSERT INTO [dbo].[sys_role_menu] ([role_id], [menu_id]) VALUES (N'2', N'1049')
GO

INSERT INTO [dbo].[sys_role_menu] ([role_id], [menu_id]) VALUES (N'2', N'1050')
GO

INSERT INTO [dbo].[sys_role_menu] ([role_id], [menu_id]) VALUES (N'2', N'1051')
GO

INSERT INTO [dbo].[sys_role_menu] ([role_id], [menu_id]) VALUES (N'2', N'1052')
GO

INSERT INTO [dbo].[sys_role_menu] ([role_id], [menu_id]) VALUES (N'2', N'1053')
GO

INSERT INTO [dbo].[sys_role_menu] ([role_id], [menu_id]) VALUES (N'2', N'1054')
GO

INSERT INTO [dbo].[sys_role_menu] ([role_id], [menu_id]) VALUES (N'2', N'1055')
GO

INSERT INTO [dbo].[sys_role_menu] ([role_id], [menu_id]) VALUES (N'2', N'1056')
GO

INSERT INTO [dbo].[sys_role_menu] ([role_id], [menu_id]) VALUES (N'2', N'1057')
GO

INSERT INTO [dbo].[sys_role_menu] ([role_id], [menu_id]) VALUES (N'2', N'1058')
GO

INSERT INTO [dbo].[sys_role_menu] ([role_id], [menu_id]) VALUES (N'2', N'1059')
GO

INSERT INTO [dbo].[sys_role_menu] ([role_id], [menu_id]) VALUES (N'2', N'1060')
GO


-- ----------------------------
-- Table structure for sys_user
-- ----------------------------
IF EXISTS (SELECT * FROM sys.all_objects WHERE object_id = OBJECT_ID(N'[dbo].[sys_user]') AND type IN ('U'))
	DROP TABLE [dbo].[sys_user]
GO

CREATE TABLE [dbo].[sys_user] (
  [user_id] bigint  IDENTITY(1,1) NOT NULL,
  [dept_id] bigint  NULL,
  [user_name] nvarchar(30) COLLATE Chinese_PRC_CI_AS  NOT NULL,
  [nick_name] nvarchar(30) COLLATE Chinese_PRC_CI_AS  NOT NULL,
  [user_type] nvarchar(2) COLLATE Chinese_PRC_CI_AS  NULL,
  [email] nvarchar(50) COLLATE Chinese_PRC_CI_AS  NULL,
  [phonenumber] nvarchar(11) COLLATE Chinese_PRC_CI_AS  NULL,
  [sex] nchar(1) COLLATE Chinese_PRC_CI_AS  NULL,
  [avatar] nvarchar(100) COLLATE Chinese_PRC_CI_AS  NULL,
  [password] nvarchar(100) COLLATE Chinese_PRC_CI_AS  NULL,
  [status] nchar(1) COLLATE Chinese_PRC_CI_AS  NULL,
  [del_flag] nchar(1) COLLATE Chinese_PRC_CI_AS  NULL,
  [login_ip] nvarchar(128) COLLATE Chinese_PRC_CI_AS  NULL,
  [login_date] datetime2(0)  NULL,
  [create_by] nvarchar(64) COLLATE Chinese_PRC_CI_AS  NULL,
  [create_time] datetime2(0)  NULL,
  [update_by] nvarchar(64) COLLATE Chinese_PRC_CI_AS  NULL,
  [update_time] datetime2(0)  NULL,
  [remark] nvarchar(500) COLLATE Chinese_PRC_CI_AS  NULL
)
GO

ALTER TABLE [dbo].[sys_user] SET (LOCK_ESCALATION = TABLE)
GO

EXEC sp_addextendedproperty
'MS_Description', N'用户ID',
'SCHEMA', N'dbo',
'TABLE', N'sys_user',
'COLUMN', N'user_id'
GO

EXEC sp_addextendedproperty
'MS_Description', N'部门ID',
'SCHEMA', N'dbo',
'TABLE', N'sys_user',
'COLUMN', N'dept_id'
GO

EXEC sp_addextendedproperty
'MS_Description', N'用户账号',
'SCHEMA', N'dbo',
'TABLE', N'sys_user',
'COLUMN', N'user_name'
GO

EXEC sp_addextendedproperty
'MS_Description', N'用户昵称',
'SCHEMA', N'dbo',
'TABLE', N'sys_user',
'COLUMN', N'nick_name'
GO

EXEC sp_addextendedproperty
'MS_Description', N'用户类型（00系统用户）',
'SCHEMA', N'dbo',
'TABLE', N'sys_user',
'COLUMN', N'user_type'
GO

EXEC sp_addextendedproperty
'MS_Description', N'用户邮箱',
'SCHEMA', N'dbo',
'TABLE', N'sys_user',
'COLUMN', N'email'
GO

EXEC sp_addextendedproperty
'MS_Description', N'手机号码',
'SCHEMA', N'dbo',
'TABLE', N'sys_user',
'COLUMN', N'phonenumber'
GO

EXEC sp_addextendedproperty
'MS_Description', N'用户性别（0男 1女 2未知）',
'SCHEMA', N'dbo',
'TABLE', N'sys_user',
'COLUMN', N'sex'
GO

EXEC sp_addextendedproperty
'MS_Description', N'头像地址',
'SCHEMA', N'dbo',
'TABLE', N'sys_user',
'COLUMN', N'avatar'
GO

EXEC sp_addextendedproperty
'MS_Description', N'密码',
'SCHEMA', N'dbo',
'TABLE', N'sys_user',
'COLUMN', N'password'
GO

EXEC sp_addextendedproperty
'MS_Description', N'帐号状态（0正常 1停用）',
'SCHEMA', N'dbo',
'TABLE', N'sys_user',
'COLUMN', N'status'
GO

EXEC sp_addextendedproperty
'MS_Description', N'删除标志（0代表存在 2代表删除）',
'SCHEMA', N'dbo',
'TABLE', N'sys_user',
'COLUMN', N'del_flag'
GO

EXEC sp_addextendedproperty
'MS_Description', N'最后登录IP',
'SCHEMA', N'dbo',
'TABLE', N'sys_user',
'COLUMN', N'login_ip'
GO

EXEC sp_addextendedproperty
'MS_Description', N'最后登录时间',
'SCHEMA', N'dbo',
'TABLE', N'sys_user',
'COLUMN', N'login_date'
GO

EXEC sp_addextendedproperty
'MS_Description', N'创建者',
'SCHEMA', N'dbo',
'TABLE', N'sys_user',
'COLUMN', N'create_by'
GO

EXEC sp_addextendedproperty
'MS_Description', N'创建时间',
'SCHEMA', N'dbo',
'TABLE', N'sys_user',
'COLUMN', N'create_time'
GO

EXEC sp_addextendedproperty
'MS_Description', N'更新者',
'SCHEMA', N'dbo',
'TABLE', N'sys_user',
'COLUMN', N'update_by'
GO

EXEC sp_addextendedproperty
'MS_Description', N'更新时间',
'SCHEMA', N'dbo',
'TABLE', N'sys_user',
'COLUMN', N'update_time'
GO

EXEC sp_addextendedproperty
'MS_Description', N'备注',
'SCHEMA', N'dbo',
'TABLE', N'sys_user',
'COLUMN', N'remark'
GO

EXEC sp_addextendedproperty
'MS_Description', N'用户信息表',
'SCHEMA', N'dbo',
'TABLE', N'sys_user'
GO


-- ----------------------------
-- Records of sys_user
-- ----------------------------
SET IDENTITY_INSERT [dbo].[sys_user] ON
GO

INSERT INTO [dbo].[sys_user] ([user_id], [dept_id], [user_name], [nick_name], [user_type], [email], [phonenumber], [sex], [avatar], [password], [status], [del_flag], [login_ip], [login_date], [create_by], [create_time], [update_by], [update_time], [remark]) VALUES (N'1', N'103', N'admin', N'若依', N'00', N'ry@163.com', N'15888888888', N'1', N'', N'$2a$10$7JB720yubVSZvUI0rEqK/.VqGOZTH.ulu33dHOiBE8ByOhJIrdAu2', N'0', N'0', N'127.0.0.1', N'2023-03-18 14:03:48', N'admin', N'2023-02-28 10:31:31', N'', N'2023-03-18 14:03:46', N'管理员')
GO

INSERT INTO [dbo].[sys_user] ([user_id], [dept_id], [user_name], [nick_name], [user_type], [email], [phonenumber], [sex], [avatar], [password], [status], [del_flag], [login_ip], [login_date], [create_by], [create_time], [update_by], [update_time], [remark]) VALUES (N'2', N'105', N'ry', N'若依', N'00', N'ry@qq.com', N'15666666666', N'1', N'', N'$2a$10$7JB720yubVSZvUI0rEqK/.VqGOZTH.ulu33dHOiBE8ByOhJIrdAu2', N'0', N'0', N'127.0.0.1', N'2023-02-28 10:31:31', N'admin', N'2023-02-28 10:31:31', N'admin', N'2023-02-28 14:30:32', N'测试员')
GO

SET IDENTITY_INSERT [dbo].[sys_user] OFF
GO


-- ----------------------------
-- Table structure for sys_user_post
-- ----------------------------
IF EXISTS (SELECT * FROM sys.all_objects WHERE object_id = OBJECT_ID(N'[dbo].[sys_user_post]') AND type IN ('U'))
	DROP TABLE [dbo].[sys_user_post]
GO

CREATE TABLE [dbo].[sys_user_post] (
  [user_id] bigint  NOT NULL,
  [post_id] bigint  NOT NULL
)
GO

ALTER TABLE [dbo].[sys_user_post] SET (LOCK_ESCALATION = TABLE)
GO

EXEC sp_addextendedproperty
'MS_Description', N'用户ID',
'SCHEMA', N'dbo',
'TABLE', N'sys_user_post',
'COLUMN', N'user_id'
GO

EXEC sp_addextendedproperty
'MS_Description', N'岗位ID',
'SCHEMA', N'dbo',
'TABLE', N'sys_user_post',
'COLUMN', N'post_id'
GO

EXEC sp_addextendedproperty
'MS_Description', N'用户与岗位关联表',
'SCHEMA', N'dbo',
'TABLE', N'sys_user_post'
GO


-- ----------------------------
-- Records of sys_user_post
-- ----------------------------
INSERT INTO [dbo].[sys_user_post] ([user_id], [post_id]) VALUES (N'1', N'1')
GO

INSERT INTO [dbo].[sys_user_post] ([user_id], [post_id]) VALUES (N'2', N'2')
GO


-- ----------------------------
-- Table structure for sys_user_role
-- ----------------------------
IF EXISTS (SELECT * FROM sys.all_objects WHERE object_id = OBJECT_ID(N'[dbo].[sys_user_role]') AND type IN ('U'))
	DROP TABLE [dbo].[sys_user_role]
GO

CREATE TABLE [dbo].[sys_user_role] (
  [user_id] bigint  NOT NULL,
  [role_id] bigint  NOT NULL
)
GO

ALTER TABLE [dbo].[sys_user_role] SET (LOCK_ESCALATION = TABLE)
GO

EXEC sp_addextendedproperty
'MS_Description', N'用户ID',
'SCHEMA', N'dbo',
'TABLE', N'sys_user_role',
'COLUMN', N'user_id'
GO

EXEC sp_addextendedproperty
'MS_Description', N'角色ID',
'SCHEMA', N'dbo',
'TABLE', N'sys_user_role',
'COLUMN', N'role_id'
GO

EXEC sp_addextendedproperty
'MS_Description', N'用户和角色关联表',
'SCHEMA', N'dbo',
'TABLE', N'sys_user_role'
GO


-- ----------------------------
-- Records of sys_user_role
-- ----------------------------
INSERT INTO [dbo].[sys_user_role] ([user_id], [role_id]) VALUES (N'1', N'1')
GO

INSERT INTO [dbo].[sys_user_role] ([user_id], [role_id]) VALUES (N'2', N'2')
GO


-- ----------------------------
-- Auto increment value for gen_table
-- ----------------------------
DBCC CHECKIDENT ('[dbo].[gen_table]', RESEED, 3)
GO


-- ----------------------------
-- Primary Key structure for table gen_table
-- ----------------------------
ALTER TABLE [dbo].[gen_table] ADD CONSTRAINT [PK__gen_tabl__B21E8F244AF52A37] PRIMARY KEY CLUSTERED ([table_id])
WITH (PAD_INDEX = OFF, STATISTICS_NORECOMPUTE = OFF, IGNORE_DUP_KEY = OFF, ALLOW_ROW_LOCKS = ON, ALLOW_PAGE_LOCKS = ON)  
ON [PRIMARY]
GO


-- ----------------------------
-- Auto increment value for gen_table_column
-- ----------------------------
DBCC CHECKIDENT ('[dbo].[gen_table_column]', RESEED, 24)
GO


-- ----------------------------
-- Primary Key structure for table gen_table_column
-- ----------------------------
ALTER TABLE [dbo].[gen_table_column] ADD CONSTRAINT [PK__gen_tabl__E301851FA1F79546] PRIMARY KEY CLUSTERED ([column_id])
WITH (PAD_INDEX = OFF, STATISTICS_NORECOMPUTE = OFF, IGNORE_DUP_KEY = OFF, ALLOW_ROW_LOCKS = ON, ALLOW_PAGE_LOCKS = ON)  
ON [PRIMARY]
GO


-- ----------------------------
-- Auto increment value for sys_config
-- ----------------------------
DBCC CHECKIDENT ('[dbo].[sys_config]', RESEED, 6)
GO


-- ----------------------------
-- Primary Key structure for table sys_config
-- ----------------------------
ALTER TABLE [dbo].[sys_config] ADD CONSTRAINT [PK__sys_conf__4AD1BFF1EB91F1F1] PRIMARY KEY CLUSTERED ([config_id])
WITH (PAD_INDEX = OFF, STATISTICS_NORECOMPUTE = OFF, IGNORE_DUP_KEY = OFF, ALLOW_ROW_LOCKS = ON, ALLOW_PAGE_LOCKS = ON)  
ON [PRIMARY]
GO


-- ----------------------------
-- Auto increment value for sys_dept
-- ----------------------------
DBCC CHECKIDENT ('[dbo].[sys_dept]', RESEED, 109)
GO


-- ----------------------------
-- Primary Key structure for table sys_dept
-- ----------------------------
ALTER TABLE [dbo].[sys_dept] ADD CONSTRAINT [PK__sys_dept__DCA6597492E6D175] PRIMARY KEY CLUSTERED ([dept_id])
WITH (PAD_INDEX = OFF, STATISTICS_NORECOMPUTE = OFF, IGNORE_DUP_KEY = OFF, ALLOW_ROW_LOCKS = ON, ALLOW_PAGE_LOCKS = ON)  
ON [PRIMARY]
GO


-- ----------------------------
-- Auto increment value for sys_dict_data
-- ----------------------------
DBCC CHECKIDENT ('[dbo].[sys_dict_data]', RESEED, 29)
GO


-- ----------------------------
-- Primary Key structure for table sys_dict_data
-- ----------------------------
ALTER TABLE [dbo].[sys_dict_data] ADD CONSTRAINT [PK__sys_dict__19CBC34BC2809271] PRIMARY KEY CLUSTERED ([dict_code])
WITH (PAD_INDEX = OFF, STATISTICS_NORECOMPUTE = OFF, IGNORE_DUP_KEY = OFF, ALLOW_ROW_LOCKS = ON, ALLOW_PAGE_LOCKS = ON)  
ON [PRIMARY]
GO


-- ----------------------------
-- Auto increment value for sys_dict_type
-- ----------------------------
DBCC CHECKIDENT ('[dbo].[sys_dict_type]', RESEED, 10)
GO


-- ----------------------------
-- Indexes structure for table sys_dict_type
-- ----------------------------
CREATE UNIQUE NONCLUSTERED INDEX [dict_type]
ON [dbo].[sys_dict_type] (
  [dict_type] ASC
)
GO


-- ----------------------------
-- Primary Key structure for table sys_dict_type
-- ----------------------------
ALTER TABLE [dbo].[sys_dict_type] ADD CONSTRAINT [PK__sys_dict__3BD4186C6FD7513E] PRIMARY KEY CLUSTERED ([dict_id])
WITH (PAD_INDEX = OFF, STATISTICS_NORECOMPUTE = OFF, IGNORE_DUP_KEY = OFF, ALLOW_ROW_LOCKS = ON, ALLOW_PAGE_LOCKS = ON)  
ON [PRIMARY]
GO


-- ----------------------------
-- Auto increment value for sys_job
-- ----------------------------
DBCC CHECKIDENT ('[dbo].[sys_job]', RESEED, 3)
GO


-- ----------------------------
-- Primary Key structure for table sys_job
-- ----------------------------
ALTER TABLE [dbo].[sys_job] ADD CONSTRAINT [PK__sys_job__2E0E56DC89EA5738] PRIMARY KEY CLUSTERED ([job_id], [job_name], [job_group])
WITH (PAD_INDEX = OFF, STATISTICS_NORECOMPUTE = OFF, IGNORE_DUP_KEY = OFF, ALLOW_ROW_LOCKS = ON, ALLOW_PAGE_LOCKS = ON)  
ON [PRIMARY]
GO


-- ----------------------------
-- Auto increment value for sys_job_log
-- ----------------------------
DBCC CHECKIDENT ('[dbo].[sys_job_log]', RESEED, 1)
GO


-- ----------------------------
-- Primary Key structure for table sys_job_log
-- ----------------------------
ALTER TABLE [dbo].[sys_job_log] ADD CONSTRAINT [PK__sys_job___0CA0EBC9B6AF0DEA] PRIMARY KEY CLUSTERED ([job_log_id])
WITH (PAD_INDEX = OFF, STATISTICS_NORECOMPUTE = OFF, IGNORE_DUP_KEY = OFF, ALLOW_ROW_LOCKS = ON, ALLOW_PAGE_LOCKS = ON)  
ON [PRIMARY]
GO


-- ----------------------------
-- Auto increment value for sys_logininfor
-- ----------------------------
DBCC CHECKIDENT ('[dbo].[sys_logininfor]', RESEED, 111)
GO


-- ----------------------------
-- Indexes structure for table sys_logininfor
-- ----------------------------
CREATE NONCLUSTERED INDEX [idx_sys_logininfor_s]
ON [dbo].[sys_logininfor] (
  [status] ASC
)
GO

CREATE NONCLUSTERED INDEX [idx_sys_logininfor_lt]
ON [dbo].[sys_logininfor] (
  [login_time] ASC
)
GO


-- ----------------------------
-- Primary Key structure for table sys_logininfor
-- ----------------------------
ALTER TABLE [dbo].[sys_logininfor] ADD CONSTRAINT [PK__sys_logi__3D8A9C1A77584499] PRIMARY KEY CLUSTERED ([info_id])
WITH (PAD_INDEX = OFF, STATISTICS_NORECOMPUTE = OFF, IGNORE_DUP_KEY = OFF, ALLOW_ROW_LOCKS = ON, ALLOW_PAGE_LOCKS = ON)  
ON [PRIMARY]
GO


-- ----------------------------
-- Auto increment value for sys_menu
-- ----------------------------
DBCC CHECKIDENT ('[dbo].[sys_menu]', RESEED, 2005)
GO


-- ----------------------------
-- Primary Key structure for table sys_menu
-- ----------------------------
ALTER TABLE [dbo].[sys_menu] ADD CONSTRAINT [PK__sys_menu__4CA0FADCB2564FAC] PRIMARY KEY CLUSTERED ([menu_id])
WITH (PAD_INDEX = OFF, STATISTICS_NORECOMPUTE = OFF, IGNORE_DUP_KEY = OFF, ALLOW_ROW_LOCKS = ON, ALLOW_PAGE_LOCKS = ON)  
ON [PRIMARY]
GO


-- ----------------------------
-- Auto increment value for sys_notice
-- ----------------------------
DBCC CHECKIDENT ('[dbo].[sys_notice]', RESEED, 2)
GO


-- ----------------------------
-- Primary Key structure for table sys_notice
-- ----------------------------
ALTER TABLE [dbo].[sys_notice] ADD CONSTRAINT [PK__sys_noti__3E82A5DB885D965B] PRIMARY KEY CLUSTERED ([notice_id])
WITH (PAD_INDEX = OFF, STATISTICS_NORECOMPUTE = OFF, IGNORE_DUP_KEY = OFF, ALLOW_ROW_LOCKS = ON, ALLOW_PAGE_LOCKS = ON)  
ON [PRIMARY]
GO


-- ----------------------------
-- Auto increment value for sys_oper_log
-- ----------------------------
DBCC CHECKIDENT ('[dbo].[sys_oper_log]', RESEED, 123)
GO


-- ----------------------------
-- Indexes structure for table sys_oper_log
-- ----------------------------
CREATE NONCLUSTERED INDEX [idx_sys_oper_log_bt]
ON [dbo].[sys_oper_log] (
  [business_type] ASC
)
GO

CREATE NONCLUSTERED INDEX [idx_sys_oper_log_s]
ON [dbo].[sys_oper_log] (
  [status] ASC
)
GO

CREATE NONCLUSTERED INDEX [idx_sys_oper_log_ot]
ON [dbo].[sys_oper_log] (
  [oper_time] ASC
)
GO


-- ----------------------------
-- Primary Key structure for table sys_oper_log
-- ----------------------------
ALTER TABLE [dbo].[sys_oper_log] ADD CONSTRAINT [PK__sys_oper__34723BF9002AFCBE] PRIMARY KEY CLUSTERED ([oper_id])
WITH (PAD_INDEX = OFF, STATISTICS_NORECOMPUTE = OFF, IGNORE_DUP_KEY = OFF, ALLOW_ROW_LOCKS = ON, ALLOW_PAGE_LOCKS = ON)  
ON [PRIMARY]
GO


-- ----------------------------
-- Auto increment value for sys_post
-- ----------------------------
DBCC CHECKIDENT ('[dbo].[sys_post]', RESEED, 4)
GO


-- ----------------------------
-- Primary Key structure for table sys_post
-- ----------------------------
ALTER TABLE [dbo].[sys_post] ADD CONSTRAINT [PK__sys_post__3ED787664387B82D] PRIMARY KEY CLUSTERED ([post_id])
WITH (PAD_INDEX = OFF, STATISTICS_NORECOMPUTE = OFF, IGNORE_DUP_KEY = OFF, ALLOW_ROW_LOCKS = ON, ALLOW_PAGE_LOCKS = ON)  
ON [PRIMARY]
GO


-- ----------------------------
-- Auto increment value for sys_role
-- ----------------------------
DBCC CHECKIDENT ('[dbo].[sys_role]', RESEED, 2)
GO


-- ----------------------------
-- Primary Key structure for table sys_role
-- ----------------------------
ALTER TABLE [dbo].[sys_role] ADD CONSTRAINT [PK__sys_role__760965CC62422D02] PRIMARY KEY CLUSTERED ([role_id])
WITH (PAD_INDEX = OFF, STATISTICS_NORECOMPUTE = OFF, IGNORE_DUP_KEY = OFF, ALLOW_ROW_LOCKS = ON, ALLOW_PAGE_LOCKS = ON)  
ON [PRIMARY]
GO


-- ----------------------------
-- Primary Key structure for table sys_role_dept
-- ----------------------------
ALTER TABLE [dbo].[sys_role_dept] ADD CONSTRAINT [PK__sys_role__2BC3005B863A9396] PRIMARY KEY CLUSTERED ([role_id], [dept_id])
WITH (PAD_INDEX = OFF, STATISTICS_NORECOMPUTE = OFF, IGNORE_DUP_KEY = OFF, ALLOW_ROW_LOCKS = ON, ALLOW_PAGE_LOCKS = ON)  
ON [PRIMARY]
GO


-- ----------------------------
-- Primary Key structure for table sys_role_menu
-- ----------------------------
ALTER TABLE [dbo].[sys_role_menu] ADD CONSTRAINT [PK__sys_role__A2C36A611464F99C] PRIMARY KEY CLUSTERED ([role_id], [menu_id])
WITH (PAD_INDEX = OFF, STATISTICS_NORECOMPUTE = OFF, IGNORE_DUP_KEY = OFF, ALLOW_ROW_LOCKS = ON, ALLOW_PAGE_LOCKS = ON)  
ON [PRIMARY]
GO


-- ----------------------------
-- Auto increment value for sys_user
-- ----------------------------
DBCC CHECKIDENT ('[dbo].[sys_user]', RESEED, 2)
GO


-- ----------------------------
-- Primary Key structure for table sys_user
-- ----------------------------
ALTER TABLE [dbo].[sys_user] ADD CONSTRAINT [PK__sys_user__B9BE370F836E35AF] PRIMARY KEY CLUSTERED ([user_id])
WITH (PAD_INDEX = OFF, STATISTICS_NORECOMPUTE = OFF, IGNORE_DUP_KEY = OFF, ALLOW_ROW_LOCKS = ON, ALLOW_PAGE_LOCKS = ON)  
ON [PRIMARY]
GO


-- ----------------------------
-- Primary Key structure for table sys_user_post
-- ----------------------------
ALTER TABLE [dbo].[sys_user_post] ADD CONSTRAINT [PK__sys_user__CA534F7944AA4977] PRIMARY KEY CLUSTERED ([user_id], [post_id])
WITH (PAD_INDEX = OFF, STATISTICS_NORECOMPUTE = OFF, IGNORE_DUP_KEY = OFF, ALLOW_ROW_LOCKS = ON, ALLOW_PAGE_LOCKS = ON)  
ON [PRIMARY]
GO


-- ----------------------------
-- Primary Key structure for table sys_user_role
-- ----------------------------
ALTER TABLE [dbo].[sys_user_role] ADD CONSTRAINT [PK__sys_user__6EDEA153CD4EF5C1] PRIMARY KEY CLUSTERED ([user_id], [role_id])
WITH (PAD_INDEX = OFF, STATISTICS_NORECOMPUTE = OFF, IGNORE_DUP_KEY = OFF, ALLOW_ROW_LOCKS = ON, ALLOW_PAGE_LOCKS = ON)  
ON [PRIMARY]
GO

